Source Type,Distribution,Amount
outflow,1Cauchy,-5784.945921481289
inflow,1Normal,-1258.0725891106
inflow,1Normal,-845.3478445686645
inflow,1Normal,-371.57737225827424
inflow,1Normal,-251.5336632021967
outflow,2Poisson,-170
outflow,2Poisson,-170
outflow,1Cauchy,-15.934396438175504
outflow,1Cauchy,-12.628802724989534
outflow,1Cauchy,-12.365144303750071
outflow,1Cauchy,-12.053532087315535
outflow,1Cauchy,-11.258111560079938
outflow,1Cauchy,-10.398963034910157
outflow,1Cauchy,-9.605640287145139
outflow,1Cauchy,-9.143937034267156
outflow,1Cauchy,-2.532602737410798
outflow,1Cauchy,-19038.367465768653
inflow,1Normal,-658.7715115387738
outflow,2Poisson,-170
outflow,2Poisson,-170
inflow,1Normal,-59.65953642164248
outflow,1Cauchy,-39.96134014730025
outflow,1Cauchy,-14.108568206620856
outflow,1Cauchy,-13.388373096264669
outflow,1Cauchy,-12.492793587775857
outflow,1Cauchy,-8.704204617156792
outflow,1Cauchy,-7.866772654927701
outflow,1Cauchy,-7.069827777541911
outflow,1Cauchy,-5.7547615343093454
inflow,1Normal,-1707.8502380925158
inflow,1Normal,-1661.3875889304288
inflow,1Normal,-540.7748720911296
inflow,1Normal,-486.46447131688575
inflow,1Normal,-448.86583381205867
outflow,2Poisson,-170
outflow,1Cauchy,-19.913264043292283
outflow,1Cauchy,-12.388434706249537
outflow,1Cauchy,-10.084422692478062
outflow,1Cauchy,-9.65799487946554
outflow,1Cauchy,-9.450844522088813
outflow,1Cauchy,-9.37332583299954
outflow,1Cauchy,-8.908270490366284
outflow,1Cauchy,-8.612875244239984
outflow,1Cauchy,-7.115193465776281
outflow,1Cauchy,-5.649202061799446
inflow,1Normal,-3139.187723430701
inflow,1Normal,-1381.127800056192
inflow,1Normal,-783.235163560801
inflow,1Normal,-520.4896780226139
inflow,1Normal,-470.0756616782122
outflow,2Poisson,-170
outflow,2Poisson,-170
outflow,1Cauchy,-15.922946938853936
outflow,1Cauchy,-15.620734602145088
outflow,1Cauchy,-14.49292367574406
outflow,1Cauchy,-10.14349030172051
outflow,1Cauchy,-8.657384035590923
outflow,1Cauchy,-7.126645421261316
outflow,1Cauchy,-4.9084808379471845
inflow,1Normal,-3536.279407264189
inflow,1Normal,-1011.0961507237395
inflow,1Normal,-533.9353421514126
inflow,1Normal,-476.70615296635503
outflow,2Poisson,-170
outflow,2Poisson,-170
outflow,2Poisson,-170
outflow,1Cauchy,-14.197159841361
outflow,1Cauchy,-13.081934675842922
outflow,1Cauchy,-12.058098057678842
outflow,1Cauchy,-10.58063405063896
outflow,1Cauchy,-9.609323182592988
outflow,1Cauchy,-9.273169663539056
outflow,1Cauchy,-9.106540936351577
outflow,1Cauchy,-8.779593169712342
outflow,1Cauchy,-3.2720359509424286
outflow,1Cauchy,-2.146164581336297
inflow,1Normal,-2256.8649029033386
inflow,1Normal,-1952.2258974198792
inflow,1Normal,-995.8064746944494
inflow,1Normal,-511.7965398777095
outflow,2Poisson,-170
outflow,2Poisson,-170
outflow,2Poisson,-170
outflow,1Cauchy,-16.30574136898599
outflow,1Cauchy,-15.761333899991131
outflow,1Cauchy,-10.708095498944333
outflow,1Cauchy,-10.207796294334976
outflow,1Cauchy,-7.977571036017244
outflow,1Cauchy,-6.8917636631235855
outflow,1Cauchy,-6.551424372940785
outflow,1Cauchy,-6.3078561562116535
outflow,1Cauchy,-4.41672838555887
inflow,1Normal,-2965.6068463631186
inflow,1Normal,-2103.3145796951176
inflow,1Normal,-1997.979458468096
inflow,1Normal,-897.4692469352462
inflow,1Normal,-443.2521613157029
outflow,2Poisson,-170
outflow,1Cauchy,-17.27545862751479
outflow,1Cauchy,-15.770939817640828
outflow,1Cauchy,-13.199940534681495
outflow,1Cauchy,-9.644673807351541
outflow,1Cauchy,-9.61123625328898
outflow,1Cauchy,-9.237504137691932
outflow,1Cauchy,-9.099557363913728
outflow,1Cauchy,-7.436421773089897
outflow,1Cauchy,-2.6739679573598654
inflow,1Normal,-1461.8417973398443
inflow,1Normal,-1256.8933849757818
inflow,1Normal,-1078.4748247823952
inflow,1Normal,-292.20478413684106
outflow,2Poisson,-170
outflow,2Poisson,-170
outflow,2Poisson,-170
inflow,1Normal,-153.699436868704
outflow,1Cauchy,-29.365038310564078
outflow,1Cauchy,-14.636125077627412
outflow,1Cauchy,-11.384936731872076
outflow,1Cauchy,-10.000883495830944
outflow,1Cauchy,-9.445355606799987
outflow,1Cauchy,-9.311719494305677
outflow,1Cauchy,-8.730490371274822
outflow,1Cauchy,-8.409587402169393
inflow,1Normal,-1590.2939133999093
inflow,1Normal,-1590.0501736005165
inflow,1Normal,-1362.300465181288
inflow,1Normal,-597.2891754505515
outflow,2Poisson,-170
outflow,2Poisson,-170
outflow,2Poisson,-170
outflow,1Cauchy,-48.07665335787419
outflow,1Cauchy,-11.067591999224852
outflow,1Cauchy,-10.967440406879335
outflow,1Cauchy,-10.967076450779109
outflow,1Cauchy,-10.20296328839904
outflow,1Cauchy,-9.808816540391907
outflow,1Cauchy,-9.751036500398879
outflow,1Cauchy,-8.945441766456547
outflow,1Cauchy,-4.888003136558092
outflow,1Cauchy,-2.0885625298337587
outflow,1Cauchy,-37959.436524910605
outflow,2Poisson,-170
outflow,2Poisson,-170
outflow,1Cauchy,-28.336695107755457
inflow,1Normal,-23.5503552090643
outflow,1Cauchy,-20.759130487035506
outflow,1Cauchy,-18.4044030632263
outflow,1Cauchy,-11.656721489691405
outflow,1Cauchy,-10.4355138880026
outflow,1Cauchy,-9.917479345702144
outflow,1Cauchy,-8.191584404036965
outflow,1Cauchy,-5.614775894765399
inflow,1Normal,-4039.6840683912906
inflow,1Normal,-3212.8953738483788
inflow,1Normal,-1239.9055496471735
inflow,1Normal,-668.9816090792327
inflow,1Normal,-214.75551257170835
inflow,1Normal,-209.98799127579952
outflow,2Poisson,-170
outflow,2Poisson,-170
outflow,2Poisson,-170
outflow,1Cauchy,-15.851568408106713
outflow,1Cauchy,-12.926305765779372
outflow,1Cauchy,-12.702601230213926
outflow,1Cauchy,-12.47473337477851
outflow,1Cauchy,-11.137709274998368
outflow,1Cauchy,-10.73297379788607
outflow,1Cauchy,-10.533652641308318
outflow,1Cauchy,-10.077467564916743
outflow,1Cauchy,-6.3163698081552795
outflow,1Cauchy,-3.555176389715103
inflow,1Normal,-1780.608272897848
inflow,1Normal,-670.6452347960329
inflow,1Normal,-635.1914470758551
inflow,1Normal,-484.8097794643078
inflow,1Normal,-367.1645985120293
inflow,1Normal,-205.51005718510675
outflow,2Poisson,-170
outflow,1Cauchy,-13.683635457831079
outflow,1Cauchy,-13.304616243500911
outflow,1Cauchy,-12.23553763859685
outflow,1Cauchy,-11.737266051024138
outflow,1Cauchy,-10.573209433818189
outflow,1Cauchy,-10.44441589094856
outflow,1Cauchy,-10.248563001396432
outflow,1Cauchy,-9.405243804766675
outflow,1Cauchy,-6.954697086016016
outflow,1Cauchy,-6.866698542213296
inflow,1Normal,-2030.0809808363133
inflow,1Normal,-1845.9429802907628
inflow,1Normal,-1594.7141751992092
inflow,1Normal,-616.8972888712179
inflow,1Normal,-470.3848685555318
outflow,1Cauchy,-211.77215528889084
outflow,2Poisson,-170
outflow,2Poisson,-170
outflow,2Poisson,-170
outflow,2Poisson,-170
inflow,1Normal,-38.20251654215152
outflow,1Cauchy,-17.022744306857255
outflow,1Cauchy,-14.225710994961679
outflow,1Cauchy,-11.563898847425255
outflow,1Cauchy,-10.776046158081707
outflow,1Cauchy,-9.986505337185282
outflow,1Cauchy,-9.154078353929284
outflow,1Cauchy,-8.690327341248906
outflow,1Cauchy,-8.377796676008433
outflow,1Cauchy,-8.075511818057098
inflow,1Normal,-4406.318273392907
inflow,1Normal,-1739.8097645777832
inflow,1Normal,-1450.1009322366554
inflow,1Normal,-1261.7840993989216
inflow,1Normal,-295.30167398525043
outflow,2Poisson,-170
outflow,2Poisson,-170
outflow,2Poisson,-170
outflow,1Cauchy,-20.327026316520694
outflow,1Cauchy,-13.07361815752818
outflow,1Cauchy,-11.817947138656157
outflow,1Cauchy,-11.238841139539357
outflow,1Cauchy,-11.129492471668813
outflow,1Cauchy,-11.020056979914935
outflow,1Cauchy,-11.007475990834749
outflow,1Cauchy,-8.769012632532176
inflow,1Normal,-963.0433290120361
inflow,1Normal,-938.2193625440714
inflow,1Normal,-864.6653914729491
inflow,1Normal,-798.1796021064458
inflow,1Normal,-661.7252284649776
inflow,1Normal,-217.93558462853753
outflow,2Poisson,-170
outflow,2Poisson,-170
outflow,2Poisson,-170
outflow,1Cauchy,-15.579145371438418
outflow,1Cauchy,-12.887750445744
outflow,1Cauchy,-11.23396837987341
outflow,1Cauchy,-10.41789602954794
outflow,1Cauchy,-9.666196488040773
outflow,1Cauchy,-9.237375408699666
outflow,1Cauchy,-7.719204577700733
outflow,1Cauchy,-6.98866956856409
outflow,1Cauchy,-6.816104621898408
inflow,1Normal,-2914.580513448507
inflow,1Normal,-1602.6741853982016
inflow,1Normal,-722.4582730782843
inflow,1Normal,-123.32288126146835
outflow,1Cauchy,-13.528564131138692
outflow,1Cauchy,-12.788177138335161
outflow,1Cauchy,-10.973182107279511
outflow,1Cauchy,-9.521004405351782
outflow,1Cauchy,-8.722179580517835
outflow,1Cauchy,-8.577623134695006
outflow,1Cauchy,-8.511063809898733
outflow,1Cauchy,-8.294148784542168
outflow,1Cauchy,-8.216057917096245
outflow,1Cauchy,-5.199302769039966
inflow,1Normal,-1855.3855788739638
inflow,1Normal,-1808.6085999526333
inflow,1Normal,-1451.9630667387382
inflow,1Normal,-576.7627213851022
outflow,2Poisson,-340
outflow,2Poisson,-170
outflow,2Poisson,-170
outflow,2Poisson,-170
outflow,1Cauchy,-25.67508028775199
outflow,1Cauchy,-16.558549526107768
outflow,1Cauchy,-15.1674176612837
outflow,1Cauchy,-10.354977349718718
outflow,1Cauchy,-9.950274396178976
outflow,1Cauchy,-9.183638523641273
outflow,1Cauchy,-8.55544148704891
outflow,1Cauchy,-8.52628385818684
outflow,1Cauchy,-7.85086875241657
outflow,1Cauchy,-2.226143661080471
inflow,1Normal,-1165.374461547341
inflow,1Normal,-1117.2062045853436
inflow,1Normal,-972.8748995252392
inflow,1Normal,-489.67901839671345
inflow,1Normal,-210.26971081329506
outflow,2Poisson,-170
outflow,2Poisson,-170
inflow,1Normal,-42.938929072725074
outflow,1Cauchy,-13.216784182423805
outflow,1Cauchy,-11.34918907559813
outflow,1Cauchy,-10.602492099406707
outflow,1Cauchy,-9.002603399488981
outflow,1Cauchy,-8.248179005019272
outflow,1Cauchy,-7.352107629361015
outflow,1Cauchy,-3.682508412371016
inflow,1Normal,-3937.155194233252
inflow,1Normal,-839.6737520899109
inflow,1Normal,-765.577027395048
inflow,1Normal,-562.3964886131041
inflow,1Normal,-372.9109732748171
outflow,2Poisson,-340
outflow,2Poisson,-170
outflow,2Poisson,-170
outflow,2Poisson,-170
outflow,1Cauchy,-16.25465931676546
outflow,1Cauchy,-11.769369331253705
outflow,1Cauchy,-11.402309929160834
outflow,1Cauchy,-11.180779957500778
outflow,1Cauchy,-10.483398287983357
outflow,1Cauchy,-9.580043431180496
outflow,1Cauchy,-9.123103603792945
outflow,1Cauchy,-9.114017095106014
outflow,1Cauchy,-6.789529983047158
outflow,1Cauchy,-1.9134669875850019
outflow,1Cauchy,-54902.12063654346
outflow,2Poisson,-340
outflow,2Poisson,-340
outflow,2Poisson,-340
outflow,2Poisson,-170
outflow,2Poisson,-170
outflow,1Cauchy,-27.87008781507866
outflow,1Cauchy,-11.249395027899936
outflow,1Cauchy,-10.186976666251578
outflow,1Cauchy,-9.483070560004847
outflow,1Cauchy,-9.435697971583876
outflow,1Cauchy,-8.37273925027845
outflow,1Cauchy,-8.164496143539926
outflow,1Cauchy,-7.9976998695645545
outflow,1Cauchy,-5.598321905959346
outflow,1Cauchy,-1012366.5788596952
inflow,1Normal,-747.680429232971
outflow,2Poisson,-170
outflow,2Poisson,-170
inflow,1Normal,-47.41216120888563
outflow,1Cauchy,-14.625161932937473
outflow,1Cauchy,-13.179036353586099
outflow,1Cauchy,-11.67279323365852
outflow,1Cauchy,-11.392625635639295
outflow,1Cauchy,-10.623185452093988
outflow,1Cauchy,-9.666435075298672
outflow,1Cauchy,-7.201559633521654
outflow,1Cauchy,-3.7094246683155614
outflow,1Cauchy,-2.6358549080329468
outflow,1Cauchy,-4051.4270384508036
inflow,1Normal,-906.1282449410814
inflow,1Normal,-900.7264218129194
inflow,1Normal,-833.7038858724703
inflow,1Normal,-734.9795781164286
outflow,2Poisson,-170
outflow,2Poisson,-170
inflow,1Normal,-116.21137119754756
outflow,1Cauchy,-32.36712263981549
outflow,1Cauchy,-19.712811088297467
outflow,1Cauchy,-13.619830204497669
outflow,1Cauchy,-13.281385487975061
outflow,1Cauchy,-12.554300789650455
outflow,1Cauchy,-10.751176650228912
outflow,1Cauchy,-8.986231928933133
outflow,1Cauchy,-7.757860499867466
outflow,1Cauchy,-7.165739883307093
inflow,1Normal,-3855.0065048519227
inflow,1Normal,-1832.3493255906258
inflow,1Normal,-628.1064347866309
inflow,1Normal,-492.63639204872015
inflow,1Normal,-227.74170733165988
outflow,2Poisson,-170
outflow,2Poisson,-170
outflow,2Poisson,-170
inflow,1Normal,-70.02474017158704
outflow,1Cauchy,-15.567415153898834
outflow,1Cauchy,-15.121467216946373
outflow,1Cauchy,-10.834106433963768
outflow,1Cauchy,-9.746726600964973
outflow,1Cauchy,-9.200092002607503
outflow,1Cauchy,-8.624715265330295
outflow,1Cauchy,-7.367460857798512
outflow,1Cauchy,-7.055066111332283
outflow,1Cauchy,-6.947498178217883
outflow,1Cauchy,-4.300701493690683
inflow,1Normal,-2212.599386632803
inflow,1Normal,-1427.9128992827798
inflow,1Normal,-1330.8275771560313
inflow,1Normal,-679.638934212602
inflow,1Normal,-271.2120281943225
outflow,2Poisson,-170
outflow,2Poisson,-170
outflow,2Poisson,-170
inflow,1Normal,-114.57592721197791
outflow,1Cauchy,-18.129243288567793
outflow,1Cauchy,-14.661345313040572
outflow,1Cauchy,-12.827537652093714
outflow,1Cauchy,-12.673934079860457
outflow,1Cauchy,-11.567592527434574
outflow,1Cauchy,-9.22713547632704
outflow,1Cauchy,-9.013699184555788
outflow,1Cauchy,-8.354247435893797
outflow,1Cauchy,-5.4997091468531085
outflow,1Cauchy,-4.9210883264952745
inflow,1Normal,-2380.554673276064
inflow,1Normal,-2214.940544620948
inflow,1Normal,-1047.8556304444826
inflow,1Normal,-627.442325133142
inflow,1Normal,-556.3373858061439
outflow,2Poisson,-170
outflow,2Poisson,-170
outflow,2Poisson,-170
outflow,2Poisson,-170
outflow,2Poisson,-170
outflow,1Cauchy,-11.620042476412934
outflow,1Cauchy,-11.367599833856582
outflow,1Cauchy,-10.670733677404336
outflow,1Cauchy,-10.354144046019261
outflow,1Cauchy,-9.69367736904031
outflow,1Cauchy,-9.686412754393022
outflow,1Cauchy,-8.511401979574215
outflow,1Cauchy,-4.431853219676209
outflow,1Cauchy,-3.7868623666778713
outflow,1Cauchy,-3.0749745344235864
inflow,1Normal,-1465.6086451120727
inflow,1Normal,-1147.0836187207099
inflow,1Normal,-860.9824056172894
inflow,1Normal,-716.7031139839281
outflow,2Poisson,-340
outflow,2Poisson,-170
outflow,2Poisson,-170
outflow,2Poisson,-170
inflow,1Normal,-47.177626726484334
outflow,1Cauchy,-18.83970438549394
outflow,1Cauchy,-18.335049487671004
outflow,1Cauchy,-17.38314361342823
outflow,1Cauchy,-12.339435366423047
outflow,1Cauchy,-12.160580550679704
outflow,1Cauchy,-9.40219867733035
outflow,1Cauchy,-9.095535116580308
outflow,1Cauchy,-8.755113237951832
outflow,1Cauchy,-7.910706316436864
outflow,1Cauchy,-7.909152366131702
inflow,1Normal,-3394.769620529128
inflow,1Normal,-869.7960194711801
inflow,1Normal,-431.6431994462601
inflow,1Normal,-264.794848418893
outflow,2Poisson,-170
outflow,2Poisson,-170
outflow,1Cauchy,-21.893631965877447
outflow,1Cauchy,-19.588150316580254
outflow,1Cauchy,-13.02536652170982
outflow,1Cauchy,-10.054085562824476
outflow,1Cauchy,-9.662073335116041
outflow,1Cauchy,-9.314575979769918
outflow,1Cauchy,-9.119403720390862
outflow,1Cauchy,-7.8490560225631905
outflow,1Cauchy,-5.966287535139988
outflow,1Cauchy,-32929.22083733031
inflow,1Normal,-1887.2078470132074
inflow,1Normal,-891.6242307345883
inflow,1Normal,-871.4150694610694
inflow,1Normal,-551.292313784436
outflow,2Poisson,-510
inflow,1Normal,-476.76291006446155
outflow,2Poisson,-340
outflow,1Cauchy,-26.115983715639228
outflow,1Cauchy,-14.004938313972255
outflow,1Cauchy,-13.302263569176201
outflow,1Cauchy,-12.359951511704644
outflow,1Cauchy,-9.969784743745324
outflow,1Cauchy,-9.413385791183616
outflow,1Cauchy,-7.767271769777253
outflow,1Cauchy,-7.016066442902849
outflow,1Cauchy,-5.9156904417206
outflow,1Cauchy,-11178.941167915315
inflow,1Normal,-430.8693220268037
outflow,2Poisson,-170
outflow,2Poisson,-170
outflow,2Poisson,-170
inflow,1Normal,-19.75049757942209
outflow,1Cauchy,-11.668478556657632
outflow,1Cauchy,-10.633946051567243
outflow,1Cauchy,-10.22892874248352
outflow,1Cauchy,-10.038656056677429
outflow,1Cauchy,-9.985266710286337
outflow,1Cauchy,-8.714767552543869
outflow,1Cauchy,-7.898138110603719
outflow,1Cauchy,-5.339967478131554
outflow,1Cauchy,-5.224255402398138
inflow,1Normal,-2908.0845809909656
inflow,1Normal,-2196.0134807762047
inflow,1Normal,-1580.839019476255
inflow,1Normal,-878.148343771775
inflow,1Normal,-283.1977957031828
outflow,2Poisson,-170
outflow,2Poisson,-170
outflow,2Poisson,-170
outflow,1Cauchy,-28.793993979620378
outflow,1Cauchy,-26.76446479081879
outflow,1Cauchy,-13.500877062309243
outflow,1Cauchy,-11.847217770657117
outflow,1Cauchy,-11.308862134883231
outflow,1Cauchy,-10.051659299371673
outflow,1Cauchy,-9.579058627129541
outflow,1Cauchy,-8.045073037512584
outflow,1Cauchy,-6.279449329347727
outflow,1Cauchy,-3.0943342755169025
inflow,1Normal,-2766.1606213559394
inflow,1Normal,-1252.05300666652
inflow,1Normal,-503.342069372993
inflow,1Normal,-384.9045188904306
inflow,1Normal,-360.96566605069074
outflow,2Poisson,-170
outflow,2Poisson,-170
outflow,2Poisson,-170
outflow,1Cauchy,-21.216563874240023
outflow,1Cauchy,-13.425234011804037
outflow,1Cauchy,-13.183976160697227
outflow,1Cauchy,-10.314341653019392
outflow,1Cauchy,-9.863734083638002
outflow,1Cauchy,-9.363474933894146
outflow,1Cauchy,-8.548916198583887
outflow,1Cauchy,-7.941440082368109
outflow,1Cauchy,-6.606404927899838
outflow,1Cauchy,-0.897820517138781
inflow,1Normal,-1719.919141181839
inflow,1Normal,-1358.7826291075064
inflow,1Normal,-1236.261511156947
inflow,1Normal,-747.2535989403926
inflow,1Normal,-201.57788681921966
outflow,2Poisson,-170
outflow,2Poisson,-170
outflow,1Cauchy,-13.74418283173838
outflow,1Cauchy,-11.977164980590338
outflow,1Cauchy,-11.340834601375965
outflow,1Cauchy,-11.11805669919519
outflow,1Cauchy,-10.157920204112209
outflow,1Cauchy,-10.030564129152324
outflow,1Cauchy,-8.082009150134615
outflow,1Cauchy,-6.463621742138063
outflow,1Cauchy,-6.249926678393488
outflow,1Cauchy,-22651.314809711974
outflow,1Cauchy,-19.49341633222957
outflow,1Cauchy,-18.057279780971637
outflow,1Cauchy,-12.329490037987178
outflow,1Cauchy,-12.090389473124432
outflow,1Cauchy,-11.779051031417303
outflow,1Cauchy,-11.5427021585284
outflow,1Cauchy,-11.485659750396179
outflow,1Cauchy,-9.251159201992754
outflow,1Cauchy,-7.295088365980776
outflow,1Cauchy,-7047.0526237048725
inflow,1Normal,-1086.3696466478302
inflow,1Normal,-888.7643795570611
inflow,1Normal,-402.7651955153967
outflow,2Poisson,-170
outflow,2Poisson,-170
outflow,1Cauchy,-19.278529069101694
outflow,1Cauchy,-17.271839971646138
outflow,1Cauchy,-16.54559143896573
outflow,1Cauchy,-12.721598926228957
outflow,1Cauchy,-11.485915441160268
outflow,1Cauchy,-9.6138311031902
outflow,1Cauchy,-8.777089920841332
outflow,1Cauchy,-7.221850675994303
outflow,1Cauchy,-2.8063945301132787
inflow,1Normal,-2542.4863820191426
inflow,1Normal,-2365.4779653911596
inflow,1Normal,-1774.26127414859
inflow,1Normal,-939.1892420277369
outflow,2Poisson,-170
outflow,2Poisson,-170
inflow,1Normal,-136.4641595173545
outflow,1Cauchy,-16.88642582222026
outflow,1Cauchy,-11.011431982845496
outflow,1Cauchy,-10.991441521790493
outflow,1Cauchy,-10.642913248441408
outflow,1Cauchy,-9.804017183624188
outflow,1Cauchy,-9.71620789324102
outflow,1Cauchy,-9.179483254855446
outflow,1Cauchy,-8.945275058035376
outflow,1Cauchy,-7.391951795241464
outflow,1Cauchy,-4.6891657982328265
inflow,1Normal,-1676.2703379254692
inflow,1Normal,-1345.2551771210708
inflow,1Normal,-979.5072582585966
inflow,1Normal,-737.8372783459806
outflow,2Poisson,-170
outflow,2Poisson,-170
outflow,1Cauchy,-24.84313698000932
outflow,1Cauchy,-14.680987374837153
outflow,1Cauchy,-13.234612170936046
outflow,1Cauchy,-12.712678268290329
outflow,1Cauchy,-10.98024803580504
outflow,1Cauchy,-10.73926527612568
outflow,1Cauchy,-9.783210733378851
outflow,1Cauchy,-9.353223311345221
outflow,1Cauchy,-9.308416425557846
inflow,1Normal,-3456.0751448316223
inflow,1Normal,-2154.7560516849
inflow,1Normal,-1093.4860495755154
inflow,1Normal,-538.0851989528868
outflow,2Poisson,-170
outflow,2Poisson,-170
outflow,2Poisson,-170
outflow,1Cauchy,-15.618906333334934
outflow,1Cauchy,-14.857759685466018
outflow,1Cauchy,-12.034894447286725
outflow,1Cauchy,-9.436801767670342
outflow,1Cauchy,-9.019855018337008
outflow,1Cauchy,-9.013249720954754
outflow,1Cauchy,-8.896996795971166
outflow,1Cauchy,-6.913139515098637
outflow,1Cauchy,-5.653070915729192
outflow,1Cauchy,-63662.03899131241
inflow,1Normal,-1492.5916785592512
inflow,1Normal,-828.5809156415844
outflow,2Poisson,-340
outflow,2Poisson,-170
outflow,2Poisson,-170
outflow,1Cauchy,-15.201592190962991
outflow,1Cauchy,-12.318980625768239
outflow,1Cauchy,-11.304342407126965
outflow,1Cauchy,-11.16991789757515
outflow,1Cauchy,-10.041898654769627
outflow,1Cauchy,-9.856202708389734
outflow,1Cauchy,-9.621592160352726
outflow,1Cauchy,-9.521535142214404
outflow,1Cauchy,-3.8057656152395625
inflow,1Normal,-3872.125451528924
inflow,1Normal,-2148.038212308775
inflow,1Normal,-2057.239976807379
inflow,1Normal,-538.9085655790552
outflow,2Poisson,-170
outflow,2Poisson,-170
outflow,1Cauchy,-22.271160567256697
outflow,1Cauchy,-12.915398233782842
outflow,1Cauchy,-11.976973911917353
outflow,1Cauchy,-8.426527809611429
outflow,1Cauchy,-7.320719541667009
outflow,1Cauchy,-6.702037255192736
outflow,1Cauchy,-6.152681152974009
outflow,1Cauchy,-6.142147387825268
inflow,1Normal,-4261.401518474118
inflow,1Normal,-2282.965374129664
outflow,2Poisson,-680
outflow,2Poisson,-170
outflow,2Poisson,-170
outflow,2Poisson,-170
inflow,1Normal,-72.75651848466697
outflow,1Cauchy,-13.906162990361784
outflow,1Cauchy,-12.133216588046732
outflow,1Cauchy,-12.089593992891096
outflow,1Cauchy,-11.869607552988516
outflow,1Cauchy,-9.692626485704556
outflow,1Cauchy,-8.996438456419275
outflow,1Cauchy,-8.98609359769388
outflow,1Cauchy,-6.1117801804397285
inflow,1Normal,-2426.889863880156
inflow,1Normal,-2331.823292078097
inflow,1Normal,-1417.1772777442059
inflow,1Normal,-225.83464647980378
outflow,2Poisson,-170
outflow,2Poisson,-170
outflow,2Poisson,-170
outflow,2Poisson,-170
outflow,2Poisson,-170
outflow,1Cauchy,-19.51958168694938
outflow,1Cauchy,-11.756200970823327
outflow,1Cauchy,-9.302673186989189
outflow,1Cauchy,-9.153922294805252
outflow,1Cauchy,-7.898728798857698
outflow,1Cauchy,-7.300379951240473
outflow,1Cauchy,-5.513158897303127
inflow,1Normal,-1611.070501470622
inflow,1Normal,-1608.4434215849399
inflow,1Normal,-891.7792469788039
inflow,1Normal,-649.7535823456805
outflow,2Poisson,-170
inflow,1Normal,-112.62688632754987
inflow,1Normal,-102.19721126034429
outflow,1Cauchy,-34.80573668933773
outflow,1Cauchy,-15.576930440756712
outflow,1Cauchy,-15.212841418652605
outflow,1Cauchy,-13.62469764143112
outflow,1Cauchy,-12.345382793420521
outflow,1Cauchy,-10.972373496050778
outflow,1Cauchy,-10.20829997495922
outflow,1Cauchy,-9.692745057607095
outflow,1Cauchy,-7.418757523072515
outflow,1Cauchy,-5.6052137956546035
inflow,1Normal,-1930.6662539113674
inflow,1Normal,-1789.3629326123537
inflow,1Normal,-1256.637075828265
inflow,1Normal,-977.5945926529993
inflow,1Normal,-711.9373714062433
inflow,1Normal,-494.18160153530516
outflow,2Poisson,-170
outflow,2Poisson,-170
inflow,1Normal,-126.38372191740679
outflow,1Cauchy,-48.11813818796297
outflow,1Cauchy,-11.448946186606937
outflow,1Cauchy,-9.13754802879496
outflow,1Cauchy,-8.750595996477973
outflow,1Cauchy,-7.2386833910165915
outflow,1Cauchy,-4.208366838226285
outflow,1Cauchy,-3574.2708436515504
inflow,1Normal,-2750.4568700132786
inflow,1Normal,-2579.2053824509494
inflow,1Normal,-2181.909279804803
inflow,1Normal,-759.6367643039173
inflow,1Normal,-509.46790794534104
inflow,1Normal,-364.4202358525792
outflow,1Cauchy,-13.181077075707938
outflow,1Cauchy,-11.506523967149915
outflow,1Cauchy,-11.09546976824027
outflow,1Cauchy,-9.605276182621079
outflow,1Cauchy,-8.824739466476245
outflow,1Cauchy,-8.194273589243855
outflow,1Cauchy,-7.9553188708505065
outflow,1Cauchy,-7.433978680613764
outflow,1Cauchy,-5.612140981665536
inflow,1Normal,-2881.1100609111627
inflow,1Normal,-2407.924571482734
inflow,1Normal,-1311.7735612673387
inflow,1Normal,-281.0144410076802
inflow,1Normal,-226.04970338155647
outflow,2Poisson,-170
outflow,2Poisson,-170
outflow,1Cauchy,-20.083681228843783
outflow,1Cauchy,-16.442575708309608
outflow,1Cauchy,-16.040173849611868
outflow,1Cauchy,-15.870159536687122
outflow,1Cauchy,-13.163114384189274
outflow,1Cauchy,-11.83856948448438
outflow,1Cauchy,-11.301581701202956
outflow,1Cauchy,-10.281484013755584
outflow,1Cauchy,-9.5634899111562
outflow,1Cauchy,-8.374349667377691
inflow,1Normal,-1832.3370740518315
inflow,1Normal,-524.1252618349563
inflow,1Normal,-424.392056351871
inflow,1Normal,-360.9314175044602
inflow,1Normal,-319.362933946681
outflow,2Poisson,-170
outflow,2Poisson,-170
outflow,2Poisson,-170
outflow,2Poisson,-170
outflow,1Cauchy,-41.56219750451514
outflow,1Cauchy,-14.043912476422992
outflow,1Cauchy,-11.490815683748004
outflow,1Cauchy,-11.47912669253291
outflow,1Cauchy,-11.457806102456805
outflow,1Cauchy,-11.081011432512229
outflow,1Cauchy,-10.295633987215039
outflow,1Cauchy,-10.249312042435426
outflow,1Cauchy,-8.56640449265688
outflow,1Cauchy,-7.369879958663692
outflow,1Cauchy,-10152.466278746566
inflow,1Normal,-277.1293215265263
outflow,2Poisson,-170
outflow,1Cauchy,-18.00779264377968
outflow,1Cauchy,-12.908510018804828
outflow,1Cauchy,-12.516395081077246
outflow,1Cauchy,-12.296811630729206
outflow,1Cauchy,-9.663181950306523
outflow,1Cauchy,-8.04125076404348
outflow,1Cauchy,-6.534818726072622
outflow,1Cauchy,-6.147870539754436
inflow,1Normal,-1456.1855995009491
inflow,1Normal,-1051.4009618189427
inflow,1Normal,-796.1272162264294
inflow,1Normal,-685.3035273711381
inflow,1Normal,-285.2051238150402
inflow,1Normal,-225.05616220399213
outflow,2Poisson,-170
outflow,2Poisson,-170
outflow,2Poisson,-170
outflow,1Cauchy,-16.24077612091537
outflow,1Cauchy,-16.06496665587175
outflow,1Cauchy,-9.959496783849332
outflow,1Cauchy,-9.581536028501667
outflow,1Cauchy,-9.571597614059595
outflow,1Cauchy,-9.367404623567754
outflow,1Cauchy,-8.510891438822634
outflow,1Cauchy,-8.374988613812667
outflow,1Cauchy,-6.6232968186579395
inflow,1Normal,-2263.8106167179794
inflow,1Normal,-1779.4344636009137
inflow,1Normal,-1502.8016997756354
inflow,1Normal,-889.4693900763322
inflow,1Normal,-346.0979121457434
inflow,1Normal,-319.0599434974906
inflow,1Normal,-181.09604822205762
outflow,2Poisson,-170
inflow,1Normal,-141.02211353030185
outflow,1Cauchy,-30.087569250466363
outflow,1Cauchy,-12.103612109820926
outflow,1Cauchy,-11.685943295025519
outflow,1Cauchy,-10.902136536647951
outflow,1Cauchy,-10.664081213255319
outflow,1Cauchy,-10.277686164546619
outflow,1Cauchy,-8.98385244404674
outflow,1Cauchy,-6.175863387877591
outflow,1Cauchy,-1.9117117518848907
outflow,1Cauchy,-124256.61156217713
outflow,2Poisson,-170
outflow,2Poisson,-170
outflow,2Poisson,-170
outflow,2Poisson,-170
outflow,1Cauchy,-16.69419805989799
outflow,1Cauchy,-14.076983146206608
outflow,1Cauchy,-11.282178445241316
outflow,1Cauchy,-10.309875273452441
outflow,1Cauchy,-8.688056091679464
outflow,1Cauchy,-6.435889878760337
outflow,1Cauchy,-5.118338320626313
outflow,1Cauchy,-4.121143679602244
outflow,1Cauchy,-1.6697871179387338
inflow,1Normal,-3458.565196840297
inflow,1Normal,-1587.214653506576
inflow,1Normal,-1257.8832107663382
inflow,1Normal,-1218.0466122073249
outflow,2Poisson,-170
outflow,1Cauchy,-28.60885428060233
outflow,1Cauchy,-17.75053035291527
outflow,1Cauchy,-17.54344351418676
outflow,1Cauchy,-13.680617259047413
outflow,1Cauchy,-12.746825525510069
outflow,1Cauchy,-10.622466929937373
outflow,1Cauchy,-8.725643978134192
outflow,1Cauchy,-6.977449454797627
outflow,1Cauchy,-6.5962792703103545
outflow,1Cauchy,-5.249085559090773
inflow,1Normal,-0.2708256739655468
outflow,1Cauchy,-141512.75640220984
outflow,2Poisson,-170
outflow,2Poisson,-170
outflow,1Cauchy,-24.547629392426174
inflow,1Normal,-20.130526239005953
outflow,1Cauchy,-18.7511976537655
outflow,1Cauchy,-12.57163218328054
outflow,1Cauchy,-12.070865539960693
outflow,1Cauchy,-11.232046783475884
outflow,1Cauchy,-10.888194161892063
outflow,1Cauchy,-10.087446956518614
outflow,1Cauchy,-6.535255818730757
inflow,1Normal,-3107.542740956056
inflow,1Normal,-1667.302069927365
inflow,1Normal,-814.1292606201933
inflow,1Normal,-425.22285782629046
outflow,2Poisson,-340
inflow,1Normal,-330.8802833377559
inflow,1Normal,-235.97778196528196
outflow,2Poisson,-170
outflow,2Poisson,-170
inflow,1Normal,-65.31528322265423
outflow,1Cauchy,-63.74628037273154
outflow,1Cauchy,-19.51237028997031
outflow,1Cauchy,-13.408013998203833
outflow,1Cauchy,-10.729485650337274
outflow,1Cauchy,-9.120301192020044
outflow,1Cauchy,-6.982407289959332
outflow,1Cauchy,-6.1298277825066645
outflow,1Cauchy,-6.095239062959736
outflow,1Cauchy,-3.69010767118678
outflow,1Cauchy,-12375.793610562707
inflow,1Normal,-585.5905738820344
outflow,1Cauchy,-356.39395184076335
inflow,1Normal,-270.9151128643839
outflow,1Cauchy,-21.503122957617236
outflow,1Cauchy,-15.605305361723069
outflow,1Cauchy,-14.994847286049644
outflow,1Cauchy,-13.345366868978727
outflow,1Cauchy,-12.917871089168333
outflow,1Cauchy,-11.397381529926541
outflow,1Cauchy,-10.576385698809991
outflow,1Cauchy,-9.443836899962347
inflow,1Normal,-1822.5866542724107
inflow,1Normal,-1671.7868900506555
inflow,1Normal,-293.8819421534049
outflow,2Poisson,-170
outflow,2Poisson,-170
inflow,1Normal,-118.42899068656081
inflow,1Normal,-76.94932197688757
inflow,1Normal,-67.75755415369585
outflow,1Cauchy,-19.75458653736913
outflow,1Cauchy,-15.230673000899607
outflow,1Cauchy,-12.964799276094654
outflow,1Cauchy,-10.227229494476152
outflow,1Cauchy,-10.103061431678537
outflow,1Cauchy,-9.999167554321366
outflow,1Cauchy,-8.514738244396916
outflow,1Cauchy,-8.423659017582233
outflow,1Cauchy,-7.599930121872801
outflow,1Cauchy,-6.578869289710078
outflow,1Cauchy,-31627.32532502519
inflow,1Normal,-438.5544782355314
outflow,2Poisson,-340
outflow,1Cauchy,-20.30595065529002
outflow,1Cauchy,-10.667067572102118
outflow,1Cauchy,-10.557139691079243
outflow,1Cauchy,-10.103310336982679
outflow,1Cauchy,-9.778779122626654
outflow,1Cauchy,-9.5876303644341
outflow,1Cauchy,-8.96416132904635
outflow,1Cauchy,-8.011590994143864
outflow,1Cauchy,-7.838657720933083
inflow,1Normal,-1209.4021453077435
inflow,1Normal,-844.733731480283
inflow,1Normal,-598.3146204365504
outflow,2Poisson,-340
inflow,1Normal,-273.6360346140568
inflow,1Normal,-198.91440729875356
outflow,2Poisson,-170
outflow,2Poisson,-170
outflow,2Poisson,-170
outflow,1Cauchy,-14.782604794293693
outflow,1Cauchy,-13.456777928712057
outflow,1Cauchy,-11.950873319187085
outflow,1Cauchy,-11.649391134403306
outflow,1Cauchy,-10.781897815224424
outflow,1Cauchy,-9.49795486935
outflow,1Cauchy,-9.24184665306171
outflow,1Cauchy,-4.584963966154493
outflow,1Cauchy,-3.0339386548373684
inflow,1Normal,-2294.2056210138835
inflow,1Normal,-1394.164418173505
inflow,1Normal,-1224.3659162303181
inflow,1Normal,-576.1044791926977
inflow,1Normal,-258.3364117631611
inflow,1Normal,-245.03889887804496
outflow,2Poisson,-170
outflow,1Cauchy,-46.690012623151745
outflow,1Cauchy,-12.394893187986899
outflow,1Cauchy,-11.93045937990664
outflow,1Cauchy,-11.707939905417877
outflow,1Cauchy,-10.366270493857991
outflow,1Cauchy,-9.926910997234996
outflow,1Cauchy,-9.786792271136237
outflow,1Cauchy,-9.770507214500341
outflow,1Cauchy,-9.649664023061009
outflow,1Cauchy,-12778.867943380099
outflow,1Cauchy,-208.4117746549029
inflow,1Normal,-203.06015180415392
inflow,1Normal,-199.52336326038386
outflow,2Poisson,-170
outflow,2Poisson,-170
outflow,2Poisson,-170
inflow,1Normal,-121.07678203660655
outflow,1Cauchy,-19.667989731466015
outflow,1Cauchy,-12.443823433104438
outflow,1Cauchy,-11.604773141401466
outflow,1Cauchy,-8.980185861025356
outflow,1Cauchy,-8.725149454366823
outflow,1Cauchy,-8.673900646324807
outflow,1Cauchy,-4.683756607556377
outflow,1Cauchy,-20343.798921506794
inflow,1Normal,-3833.6706526555276
inflow,1Normal,-1588.1639932850594
inflow,1Normal,-1169.413046442194
inflow,1Normal,-830.1672536961636
outflow,1Cauchy,-20.75747672879697
outflow,1Cauchy,-15.317154744557005
outflow,1Cauchy,-13.789233646628057
outflow,1Cauchy,-12.245472070174806
outflow,1Cauchy,-11.30732021563861
outflow,1Cauchy,-10.273350357485313
outflow,1Cauchy,-9.731437208222324
outflow,1Cauchy,-9.64999859681661
outflow,1Cauchy,-4.914868794539045
inflow,1Normal,-2834.633089313259
inflow,1Normal,-1804.4898968882435
inflow,1Normal,-1175.7375991543167
outflow,2Poisson,-340
inflow,1Normal,-277.91840287127735
outflow,2Poisson,-170
outflow,2Poisson,-170
outflow,2Poisson,-170
inflow,1Normal,-13.346962226125036
outflow,1Cauchy,-11.639460143689636
outflow,1Cauchy,-11.59545943752611
outflow,1Cauchy,-11.129190200301652
outflow,1Cauchy,-9.5893105653656
outflow,1Cauchy,-9.281203932594309
outflow,1Cauchy,-8.135153340414588
outflow,1Cauchy,-6.864113937852528
outflow,1Cauchy,-6.144223770448795
outflow,1Cauchy,-4.832333505965649
outflow,1Cauchy,-29203.54745563248
outflow,2Poisson,-340
outflow,2Poisson,-170
outflow,2Poisson,-170
outflow,2Poisson,-170
outflow,1Cauchy,-62.268527231852644
outflow,1Cauchy,-12.57661806828224
outflow,1Cauchy,-11.74524274461285
outflow,1Cauchy,-11.622362350889187
outflow,1Cauchy,-11.415749013475589
outflow,1Cauchy,-10.935162603784233
outflow,1Cauchy,-9.88514303054194
outflow,1Cauchy,-9.796659754705157
outflow,1Cauchy,-3.5219030282135844
outflow,1Cauchy,-8976.146700186873
inflow,1Normal,-1708.1631255332802
inflow,1Normal,-1383.3145590126637
inflow,1Normal,-1100.9474668376274
inflow,1Normal,-430.2829776426407
inflow,1Normal,-283.26004224407023
outflow,2Poisson,-170
outflow,2Poisson,-170
outflow,1Cauchy,-17.26840077200618
outflow,1Cauchy,-13.189708252628446
outflow,1Cauchy,-10.90115727623953
outflow,1Cauchy,-10.777257314563583
outflow,1Cauchy,-9.919313634389228
outflow,1Cauchy,-9.248123272203818
outflow,1Cauchy,-7.252618920448981
outflow,1Cauchy,-7.091971931818379
inflow,1Normal,-2413.5392219934097
inflow,1Normal,-1424.6891661542254
inflow,1Normal,-1024.0239360921566
inflow,1Normal,-645.2655208114891
inflow,1Normal,-617.9141197685005
inflow,1Normal,-266.5572807117133
outflow,2Poisson,-170
outflow,2Poisson,-170
outflow,1Cauchy,-24.716471751083795
outflow,1Cauchy,-15.517618497819724
outflow,1Cauchy,-15.398056808212885
outflow,1Cauchy,-12.936562866566938
outflow,1Cauchy,-12.751982408695977
outflow,1Cauchy,-11.009950551196795
outflow,1Cauchy,-10.996489510406704
outflow,1Cauchy,-9.143109447462304
outflow,1Cauchy,-5.980760130317831
outflow,1Cauchy,-354268.9464122036
inflow,1Normal,-2111.2863444886043
inflow,1Normal,-1886.4253582649326
outflow,2Poisson,-170
outflow,2Poisson,-170
outflow,1Cauchy,-29.996366784682824
outflow,1Cauchy,-18.670295395024986
outflow,1Cauchy,-12.443378187793272
outflow,1Cauchy,-12.347299920290656
outflow,1Cauchy,-12.315665452577376
outflow,1Cauchy,-9.608491234364715
outflow,1Cauchy,-7.557543808659268
outflow,1Cauchy,-7.33590442375851
outflow,1Cauchy,-6.756442787929315
outflow,1Cauchy,-15493.188364008483
inflow,1Normal,-657.6444423709034
outflow,2Poisson,-340
outflow,2Poisson,-170
outflow,2Poisson,-170
outflow,1Cauchy,-90.66617071059673
inflow,1Normal,-18.906788151925724
outflow,1Cauchy,-12.915243236745102
outflow,1Cauchy,-10.713480062734963
outflow,1Cauchy,-8.900533848934025
outflow,1Cauchy,-8.637529209433964
outflow,1Cauchy,-8.404917599614649
outflow,1Cauchy,-6.662224318035522
outflow,1Cauchy,-4.353603173452787
outflow,1Cauchy,-3.0449082097113385
inflow,1Normal,-1877.4649848512574
inflow,1Normal,-1435.2420098876867
inflow,1Normal,-1089.1544273041677
inflow,1Normal,-608.4262921620386
inflow,1Normal,-476.2138138614194
inflow,1Normal,-183.61201609228175
outflow,2Poisson,-170
outflow,2Poisson,-170
outflow,1Cauchy,-16.019361413185955
outflow,1Cauchy,-12.366576671347628
outflow,1Cauchy,-12.081610047066025
outflow,1Cauchy,-11.422906641713684
outflow,1Cauchy,-11.115387244650979
outflow,1Cauchy,-10.871646001865088
outflow,1Cauchy,-10.8561691798081
outflow,1Cauchy,-10.511305224643744
outflow,1Cauchy,-9.241039605495475
outflow,1Cauchy,-8.121321861414277
inflow,1Normal,-1564.4236494253462
inflow,1Normal,-1428.3623790929962
inflow,1Normal,-1258.769218071912
inflow,1Normal,-682.8030114227683
inflow,1Normal,-485.16290871039337
outflow,2Poisson,-340
inflow,1Normal,-327.654019875904
outflow,2Poisson,-170
outflow,2Poisson,-170
outflow,1Cauchy,-13.776144727518849
outflow,1Cauchy,-13.24190491273014
outflow,1Cauchy,-12.96997928301317
outflow,1Cauchy,-12.188836787695932
outflow,1Cauchy,-11.496278309111615
outflow,1Cauchy,-11.34738708216083
outflow,1Cauchy,-10.338125051241224
outflow,1Cauchy,-5.2331565984440065
outflow,1Cauchy,-4.907706303393666
outflow,1Cauchy,-4.137538524350996
outflow,1Cauchy,-24313.48810113596
inflow,1Normal,-1405.150102952334
inflow,1Normal,-515.0483404283054
inflow,1Normal,-175.060237548168
outflow,2Poisson,-170
inflow,1Normal,-81.72000526023044
outflow,1Cauchy,-72.50677014521283
outflow,1Cauchy,-11.576669886483165
outflow,1Cauchy,-11.321145398262987
outflow,1Cauchy,-11.30581032215967
outflow,1Cauchy,-10.681507711589452
outflow,1Cauchy,-9.968183423643055
outflow,1Cauchy,-7.685918338807397
outflow,1Cauchy,-6.741183468970119
outflow,1Cauchy,-1.972616681321833
inflow,1Normal,-1672.6311462061303
inflow,1Normal,-1459.5748529458533
inflow,1Normal,-932.7187546242357
inflow,1Normal,-764.5917837664573
inflow,1Normal,-321.9656019760549
outflow,2Poisson,-170
outflow,2Poisson,-170
outflow,1Cauchy,-129.33282866192081
outflow,1Cauchy,-14.991013124642564
outflow,1Cauchy,-13.844327764299006
outflow,1Cauchy,-11.784146171004135
outflow,1Cauchy,-11.650641465917454
outflow,1Cauchy,-11.042091720179078
outflow,1Cauchy,-10.598524782526017
outflow,1Cauchy,-9.1355060028676
outflow,1Cauchy,-8.783755867023478
inflow,1Normal,-2220.3446001859475
inflow,1Normal,-1400.9021965676102
inflow,1Normal,-822.6213484554772
inflow,1Normal,-594.8292677369349
inflow,1Normal,-528.6369210008179
inflow,1Normal,-484.6734217376078
outflow,2Poisson,-170
outflow,2Poisson,-170
inflow,1Normal,-116.85129294001939
outflow,1Cauchy,-70.42487014599877
outflow,1Cauchy,-29.742218982361226
outflow,1Cauchy,-18.751843621862022
outflow,1Cauchy,-13.811167920710204
outflow,1Cauchy,-9.633488339520333
outflow,1Cauchy,-9.199943152703472
outflow,1Cauchy,-8.477267777795308
outflow,1Cauchy,-8.203180044084393
outflow,1Cauchy,-6.2498956032623845
outflow,1Cauchy,-4.210907041429901
inflow,1Normal,-3175.0720049704782
inflow,1Normal,-3008.2403593854233
outflow,2Poisson,-340
inflow,1Normal,-133.77475884840032
inflow,1Normal,-14.779813977431644
outflow,1Cauchy,-12.875507895303622
outflow,1Cauchy,-12.077995396098185
outflow,1Cauchy,-11.882663898738777
outflow,1Cauchy,-11.52800432196124
outflow,1Cauchy,-9.54336739335617
outflow,1Cauchy,-9.056662604287052
outflow,1Cauchy,-8.079906235580552
outflow,1Cauchy,-6.974219880298721
outflow,1Cauchy,-3.3894014419671414
inflow,1Normal,-1369.4272062972934
inflow,1Normal,-1139.195243570759
inflow,1Normal,-1107.3349397682268
inflow,1Normal,-834.9193402507769
outflow,2Poisson,-510
outflow,2Poisson,-170
outflow,2Poisson,-170
outflow,2Poisson,-170
outflow,2Poisson,-170
outflow,1Cauchy,-16.543853413324346
outflow,1Cauchy,-13.48911152592975
outflow,1Cauchy,-11.046506221475147
outflow,1Cauchy,-10.753226531185087
outflow,1Cauchy,-10.641102487943813
outflow,1Cauchy,-10.358690910276163
outflow,1Cauchy,-10.16591890665345
outflow,1Cauchy,-9.754425198856204
outflow,1Cauchy,-7.022980834600134
outflow,1Cauchy,-4.086655028989169
inflow,1Normal,-2168.3338701008643
inflow,1Normal,-1805.5956594575555
inflow,1Normal,-1444.4561355769974
inflow,1Normal,-1390.0006189621542
inflow,1Normal,-333.8300509197481
outflow,2Poisson,-170
outflow,2Poisson,-170
inflow,1Normal,-42.29033919591867
outflow,1Cauchy,-38.09485468127085
outflow,1Cauchy,-15.089525563345706
outflow,1Cauchy,-13.639829564588243
outflow,1Cauchy,-10.627699402014201
outflow,1Cauchy,-10.384813521160542
outflow,1Cauchy,-8.47837844937646
outflow,1Cauchy,-7.933318843385278
outflow,1Cauchy,-7.776748636625541
outflow,1Cauchy,-7.647872137012399
outflow,1Cauchy,-5.4234981999023235
outflow,1Cauchy,-17501.429206404664
inflow,1Normal,-1668.9649980056906
inflow,1Normal,-1009.5291654779469
inflow,1Normal,-653.293753705611
outflow,2Poisson,-340
outflow,2Poisson,-170
outflow,2Poisson,-170
outflow,1Cauchy,-21.37258369290053
outflow,1Cauchy,-18.501309429662186
outflow,1Cauchy,-15.281521667828176
outflow,1Cauchy,-11.635976947067695
outflow,1Cauchy,-10.868952989648939
outflow,1Cauchy,-10.482282326092378
outflow,1Cauchy,-9.915379493919845
outflow,1Cauchy,-5.3360643596717585
inflow,1Normal,-2743.365021015319
inflow,1Normal,-1338.845959703536
inflow,1Normal,-1068.6012359682088
inflow,1Normal,-295.54150067950786
inflow,1Normal,-249.97502229373296
outflow,2Poisson,-170
outflow,2Poisson,-170
outflow,2Poisson,-170
inflow,1Normal,-146.64672470441042
outflow,1Cauchy,-11.898962332790745
outflow,1Cauchy,-11.110105703371582
outflow,1Cauchy,-11.100489891873655
outflow,1Cauchy,-11.00297894015261
outflow,1Cauchy,-10.623940374627269
outflow,1Cauchy,-10.189762160396729
outflow,1Cauchy,-9.591868230074093
outflow,1Cauchy,-9.562948633997243
outflow,1Cauchy,-7.740938274635735
outflow,1Cauchy,-7.65389883794839
outflow,1Cauchy,-28655.67261696693
inflow,1Normal,-1608.1800180906964
inflow,1Normal,-205.27057969825756
outflow,2Poisson,-170
inflow,1Normal,-68.97753050411649
outflow,1Cauchy,-12.180839632625778
outflow,1Cauchy,-11.36618645708405
outflow,1Cauchy,-10.581628847684618
outflow,1Cauchy,-10.580591836938519
outflow,1Cauchy,-9.600994861035234
outflow,1Cauchy,-9.504422997134137
outflow,1Cauchy,-9.301477697310089
outflow,1Cauchy,-9.007332265299244
outflow,1Cauchy,-8.8843488312006
inflow,1Normal,-2640.166540802697
inflow,1Normal,-1977.9359201941631
inflow,1Normal,-1006.9992402993996
inflow,1Normal,-808.6752331570257
outflow,2Poisson,-170
outflow,2Poisson,-170
inflow,1Normal,-111.97011907067562
outflow,1Cauchy,-47.54986339513007
outflow,1Cauchy,-23.443524399298965
outflow,1Cauchy,-13.103322777144268
outflow,1Cauchy,-12.705801736470187
outflow,1Cauchy,-12.18977316495703
outflow,1Cauchy,-11.544514268718125
outflow,1Cauchy,-9.55437909412784
outflow,1Cauchy,-8.12613218571
outflow,1Cauchy,-6.456486658453353
outflow,1Cauchy,-3.270825197131729
inflow,1Normal,-2043.290974382836
inflow,1Normal,-1603.8001670567205
inflow,1Normal,-1112.640079220691
inflow,1Normal,-611.5864628395009
inflow,1Normal,-372.35808818495286
inflow,1Normal,-333.78238762819944
outflow,2Poisson,-170
outflow,2Poisson,-170
outflow,1Cauchy,-13.092974936644367
outflow,1Cauchy,-12.246529464062826
outflow,1Cauchy,-10.557818826370237
outflow,1Cauchy,-9.942857793629313
outflow,1Cauchy,-9.935273582003001
outflow,1Cauchy,-9.564713714811868
outflow,1Cauchy,-9.363830075642891
outflow,1Cauchy,-9.077140158011574
outflow,1Cauchy,-7.036260625555858
outflow,1Cauchy,-14660.822570312957
inflow,1Normal,-1914.7604991650055
inflow,1Normal,-1511.923063955957
inflow,1Normal,-1266.417671522684
outflow,2Poisson,-170
outflow,1Cauchy,-24.81152743292695
outflow,1Cauchy,-13.983267462920086
outflow,1Cauchy,-10.564956457915864
outflow,1Cauchy,-10.407784144987358
outflow,1Cauchy,-9.913728767025622
outflow,1Cauchy,-8.988390507114387
outflow,1Cauchy,-8.04414639878169
outflow,1Cauchy,-7.448526310986372
outflow,1Cauchy,-19999.96699329268
inflow,1Normal,-755.1879351945147
inflow,1Normal,-586.5220505073918
outflow,2Poisson,-170
outflow,2Poisson,-170
inflow,1Normal,-106.003086116921
outflow,1Cauchy,-16.89484528265198
outflow,1Cauchy,-12.275765041255854
outflow,1Cauchy,-11.603167682663523
outflow,1Cauchy,-10.797656610579773
outflow,1Cauchy,-10.691813418613709
outflow,1Cauchy,-10.017192377933391
outflow,1Cauchy,-9.193569688483723
outflow,1Cauchy,-5.899296003769018
outflow,1Cauchy,-21075.8759532185
inflow,1Normal,-2509.6698427721676
inflow,1Normal,-689.7925908085874
outflow,2Poisson,-170
outflow,2Poisson,-170
outflow,1Cauchy,-18.1566603844813
outflow,1Cauchy,-14.0856033865706
outflow,1Cauchy,-11.91101503505749
outflow,1Cauchy,-11.116042011967766
outflow,1Cauchy,-10.919040985261482
outflow,1Cauchy,-10.381166844838019
outflow,1Cauchy,-10.293769289710099
outflow,1Cauchy,-8.695409106831187
outflow,1Cauchy,-8.58651544588696
inflow,1Normal,-1132.976302126088
inflow,1Normal,-1079.582534599989
inflow,1Normal,-841.5867173563062
inflow,1Normal,-797.2168115243306
inflow,1Normal,-744.1308859411588
outflow,2Poisson,-170
outflow,2Poisson,-170
outflow,2Poisson,-170
inflow,1Normal,-157.9245846871455
outflow,1Cauchy,-10.444498330879515
outflow,1Cauchy,-10.180939377123348
outflow,1Cauchy,-9.182852471490419
outflow,1Cauchy,-3.179744893484874
outflow,1Cauchy,-2.5623946876529784
outflow,1Cauchy,-2.248125514087568
outflow,1Cauchy,-1.1897305146755723
outflow,1Cauchy,-15820.974132148302
inflow,1Normal,-729.9398604182521
outflow,2Poisson,-170
outflow,2Poisson,-170
outflow,2Poisson,-170
outflow,1Cauchy,-58.63782469747779
outflow,1Cauchy,-14.711037174769608
outflow,1Cauchy,-13.880248759796622
outflow,1Cauchy,-10.697529905469993
outflow,1Cauchy,-10.45757578031742
outflow,1Cauchy,-10.26147131545096
outflow,1Cauchy,-9.816611261367177
outflow,1Cauchy,-6.57549599396312
outflow,1Cauchy,-0.08052292764100777
inflow,1Normal,-2478.0563342064925
inflow,1Normal,-1872.4472033208904
inflow,1Normal,-1556.185740560518
inflow,1Normal,-627.4998920165306
inflow,1Normal,-453.2737503157001
inflow,1Normal,-316.6477224006666
outflow,2Poisson,-170
outflow,2Poisson,-170
outflow,2Poisson,-170
outflow,2Poisson,-170
outflow,1Cauchy,-15.87293449909103
outflow,1Cauchy,-11.084913305058016
outflow,1Cauchy,-10.740286350773367
outflow,1Cauchy,-10.080714128254128
outflow,1Cauchy,-9.956834927714981
outflow,1Cauchy,-9.785153003468793
outflow,1Cauchy,-9.620631434694676
outflow,1Cauchy,-9.349578643020273
outflow,1Cauchy,-8.48770664929174
outflow,1Cauchy,-7.88911133017749
inflow,1Normal,-1532.814732603265
inflow,1Normal,-1113.2036510658268
inflow,1Normal,-1027.0660415989987
inflow,1Normal,-778.019227980403
inflow,1Normal,-541.1458875170993
inflow,1Normal,-374.3503631829032
outflow,2Poisson,-170
outflow,2Poisson,-170
outflow,1Cauchy,-16.291983036444584
outflow,1Cauchy,-12.56955453428632
outflow,1Cauchy,-12.185933155222866
outflow,1Cauchy,-11.421505508380822
outflow,1Cauchy,-11.418137126193772
outflow,1Cauchy,-9.388303621649692
outflow,1Cauchy,-8.661651419582828
outflow,1Cauchy,-7.400618577112283
outflow,1Cauchy,-6.366283207703192
outflow,1Cauchy,-1.8531880743953728
inflow,1Normal,-1554.9230337351091
inflow,1Normal,-1289.9917921201286
inflow,1Normal,-670.8914771748258
inflow,1Normal,-663.0610257244267
inflow,1Normal,-638.2958591071442
outflow,2Poisson,-170
outflow,2Poisson,-170
outflow,2Poisson,-170
outflow,1Cauchy,-22.256686152140144
outflow,1Cauchy,-14.183327921875268
outflow,1Cauchy,-11.225689155687325
outflow,1Cauchy,-10.466669298438365
outflow,1Cauchy,-10.373607563165535
outflow,1Cauchy,-9.338708329441335
outflow,1Cauchy,-8.662698470656949
outflow,1Cauchy,-6.917230887138231
outflow,1Cauchy,-6.560120874164091
inflow,1Normal,-2846.814223537832
inflow,1Normal,-2598.7840774296947
inflow,1Normal,-1570.8174906033673
inflow,1Normal,-458.18791048825244
inflow,1Normal,-256.5816475148346
outflow,2Poisson,-170
outflow,2Poisson,-170
outflow,2Poisson,-170
outflow,1Cauchy,-15.85019467789144
outflow,1Cauchy,-12.160950977582244
outflow,1Cauchy,-11.315294326770722
outflow,1Cauchy,-10.025816162738392
outflow,1Cauchy,-9.104850213038588
outflow,1Cauchy,-8.985785548342527
outflow,1Cauchy,-8.808256767571432
outflow,1Cauchy,-6.383089380071894
outflow,1Cauchy,-6.045496458443153
outflow,1Cauchy,-5.429837539518784
inflow,1Normal,-1968.8754122066912
inflow,1Normal,-950.8582719315793
inflow,1Normal,-584.2540142419346
inflow,1Normal,-364.4744936398201
outflow,2Poisson,-340
inflow,1Normal,-117.78077866925294
inflow,1Normal,-100.56148168697874
inflow,1Normal,-86.81405203554853
outflow,1Cauchy,-11.500324341452739
outflow,1Cauchy,-10.537347284773183
outflow,1Cauchy,-10.48810710642565
outflow,1Cauchy,-9.966083319875517
outflow,1Cauchy,-9.807762386466328
outflow,1Cauchy,-9.75791904292203
outflow,1Cauchy,-9.182411073519676
outflow,1Cauchy,-9.057199113472107
outflow,1Cauchy,-8.496774275002085
outflow,1Cauchy,-18179.284537788535
inflow,1Normal,-1936.6112028111643
outflow,2Poisson,-340
outflow,2Poisson,-170
outflow,2Poisson,-170
outflow,2Poisson,-170
outflow,1Cauchy,-23.70664332803693
outflow,1Cauchy,-13.79923136159799
outflow,1Cauchy,-11.856781439684918
outflow,1Cauchy,-10.249343995407072
outflow,1Cauchy,-10.122518362444675
outflow,1Cauchy,-9.933397759514476
outflow,1Cauchy,-9.707676371965722
outflow,1Cauchy,-9.193029187788357
outflow,1Cauchy,-8.983761549651545
outflow,1Cauchy,-15448.223595019188
inflow,1Normal,-3564.5337751355364
inflow,1Normal,-2038.2687561617097
inflow,1Normal,-867.3842675612658
outflow,2Poisson,-170
outflow,2Poisson,-170
outflow,1Cauchy,-63.42610511201689
inflow,1Normal,-52.8129705288638
inflow,1Normal,-51.53653832272482
outflow,1Cauchy,-20.920020206709992
outflow,1Cauchy,-11.067066078967366
outflow,1Cauchy,-10.840788646337773
outflow,1Cauchy,-9.688235526552955
outflow,1Cauchy,-4.574334290812169
outflow,1Cauchy,-3.268602786395258
outflow,1Cauchy,-1.3334695337038518
outflow,1Cauchy,-148826.54905812995
inflow,1Normal,-1993.7123427519516
inflow,1Normal,-1604.9033366283088
inflow,1Normal,-1184.680755768462
inflow,1Normal,-748.0154586557887
outflow,2Poisson,-170
outflow,2Poisson,-170
outflow,2Poisson,-170
outflow,2Poisson,-170
outflow,1Cauchy,-16.828802741411756
outflow,1Cauchy,-12.68803140367517
outflow,1Cauchy,-12.569115145429926
outflow,1Cauchy,-11.382970262198496
outflow,1Cauchy,-11.192476030333392
outflow,1Cauchy,-10.779919391723137
outflow,1Cauchy,-10.691509080718827
outflow,1Cauchy,-10.14687470027424
outflow,1Cauchy,-95365.56915246544
inflow,1Normal,-619.3293200626225
outflow,2Poisson,-170
outflow,2Poisson,-170
outflow,1Cauchy,-12.88073793906463
outflow,1Cauchy,-12.160960482441043
outflow,1Cauchy,-11.067688259961418
outflow,1Cauchy,-10.529965076982188
outflow,1Cauchy,-10.322913874070206
outflow,1Cauchy,-9.960964002298947
outflow,1Cauchy,-9.237924394608568
outflow,1Cauchy,-2.18135487921644
outflow,1Cauchy,-0.5839065914753405
inflow,1Normal,-2550.8261696460304
inflow,1Normal,-2156.171569704823
inflow,1Normal,-784.8358736598136
inflow,1Normal,-649.3933978474068
outflow,2Poisson,-510
inflow,1Normal,-312.3902063044362
outflow,2Poisson,-170
outflow,2Poisson,-170
inflow,1Normal,-153.5211670643019
outflow,1Cauchy,-19.153964592627133
outflow,1Cauchy,-17.223376349691666
outflow,1Cauchy,-16.121882264809734
outflow,1Cauchy,-11.530864414285233
outflow,1Cauchy,-11.199304945808063
outflow,1Cauchy,-10.445417175924765
outflow,1Cauchy,-9.97053067165447
outflow,1Cauchy,-9.354968135403261
inflow,1Normal,-3701.9826321422242
inflow,1Normal,-1757.1788033537289
inflow,1Normal,-397.95806997919493
inflow,1Normal,-360.45124490264476
outflow,2Poisson,-170
outflow,2Poisson,-170
outflow,2Poisson,-170
inflow,1Normal,-153.50286692553752
outflow,1Cauchy,-12.470657505422308
outflow,1Cauchy,-11.553522578239155
outflow,1Cauchy,-11.155661288838445
outflow,1Cauchy,-10.70701831716394
outflow,1Cauchy,-10.682544894160486
outflow,1Cauchy,-10.104407965115437
outflow,1Cauchy,-9.884889210681132
outflow,1Cauchy,-9.015273510646912
outflow,1Cauchy,-7.362404212747139
outflow,1Cauchy,-4.109467428350104
outflow,1Cauchy,-37039.56680785787
inflow,1Normal,-1015.816509006191
outflow,2Poisson,-170
outflow,2Poisson,-170
outflow,1Cauchy,-16.71782467199091
outflow,1Cauchy,-11.511900442594285
outflow,1Cauchy,-10.538671141379886
outflow,1Cauchy,-9.98188791409483
outflow,1Cauchy,-9.7682549066655
outflow,1Cauchy,-8.43262480918534
outflow,1Cauchy,-4.658212199250262
outflow,1Cauchy,-1.8905325308492582
inflow,1Normal,-1854.2196302965856
inflow,1Normal,-1456.457088028283
inflow,1Normal,-1011.4745834212335
inflow,1Normal,-798.4623647363186
inflow,1Normal,-289.816890217719
outflow,2Poisson,-170
outflow,2Poisson,-170
outflow,1Cauchy,-15.462234557218228
outflow,1Cauchy,-14.84387424214911
outflow,1Cauchy,-9.964690602056837
outflow,1Cauchy,-9.272358932960698
outflow,1Cauchy,-9.083660381389553
outflow,1Cauchy,-8.434012240219058
outflow,1Cauchy,-7.132786682164928
outflow,1Cauchy,-6.238138455473418
outflow,1Cauchy,-5.802251096369597
inflow,1Normal,-2569.532116729797
inflow,1Normal,-1992.6612036223773
inflow,1Normal,-1938.6312057637624
inflow,1Normal,-1188.8469125430124
inflow,1Normal,-740.3318319363372
outflow,2Poisson,-170
outflow,2Poisson,-170
inflow,1Normal,-31.54514682961036
outflow,1Cauchy,-14.452374981968353
outflow,1Cauchy,-11.464698152094213
outflow,1Cauchy,-10.917743153874001
outflow,1Cauchy,-10.749403356314598
outflow,1Cauchy,-10.474475701182346
outflow,1Cauchy,-10.145717584882139
outflow,1Cauchy,-9.686153209257307
outflow,1Cauchy,-9.395453980605904
outflow,1Cauchy,-8.986925973685667
inflow,1Normal,-2504.516103866129
inflow,1Normal,-1543.096260706784
inflow,1Normal,-1434.1278893730628
inflow,1Normal,-711.1229780723442
inflow,1Normal,-573.3924243405302
inflow,1Normal,-274.51146166213647
outflow,2Poisson,-170
outflow,2Poisson,-170
outflow,1Cauchy,-13.35713654648928
outflow,1Cauchy,-10.924717963664767
outflow,1Cauchy,-10.649117221491862
outflow,1Cauchy,-10.367490197317617
outflow,1Cauchy,-10.113991836905228
outflow,1Cauchy,-9.58135612293499
outflow,1Cauchy,-7.941250194693113
outflow,1Cauchy,-6.696075948103418
outflow,1Cauchy,-4.753703037952292
outflow,1Cauchy,-2.807241880240257
inflow,1Normal,-1922.9103296337967
inflow,1Normal,-1877.4514072018085
inflow,1Normal,-837.3144912225204
inflow,1Normal,-302.58922303063366
inflow,1Normal,-217.03148218421438
outflow,2Poisson,-170
outflow,2Poisson,-170
outflow,2Poisson,-170
outflow,1Cauchy,-14.220252095741708
outflow,1Cauchy,-14.081999012486285
outflow,1Cauchy,-11.28300342187025
outflow,1Cauchy,-11.102208585913084
outflow,1Cauchy,-9.205262214599404
outflow,1Cauchy,-8.555461240130162
outflow,1Cauchy,-8.038045724670734
outflow,1Cauchy,-5.162925775269713
inflow,1Normal,-1426.8371315585619
inflow,1Normal,-1349.429035205588
inflow,1Normal,-662.8008291650058
inflow,1Normal,-464.9920216075685
inflow,1Normal,-369.3698205357723
inflow,1Normal,-292.9586274171399
outflow,2Poisson,-170
outflow,2Poisson,-170
outflow,2Poisson,-170
outflow,2Poisson,-170
outflow,1Cauchy,-14.559763031775102
outflow,1Cauchy,-12.631069176624738
outflow,1Cauchy,-12.13316465607283
outflow,1Cauchy,-11.852298271265138
outflow,1Cauchy,-11.117478361797613
outflow,1Cauchy,-10.749156274282662
outflow,1Cauchy,-9.638700127454909
outflow,1Cauchy,-7.34277878399287
outflow,1Cauchy,-5.013308513263982
outflow,1Cauchy,-3.0204310878149228
inflow,1Normal,-2668.733915006618
inflow,1Normal,-2324.040611007628
inflow,1Normal,-2002.7331954730073
inflow,1Normal,-1885.913969175204
inflow,1Normal,-355.1646112905832
inflow,1Normal,-186.8236343086096
outflow,2Poisson,-170
outflow,1Cauchy,-29.807828944123656
outflow,1Cauchy,-17.554985079854124
outflow,1Cauchy,-12.345576443173778
outflow,1Cauchy,-11.845185393652553
outflow,1Cauchy,-10.368146145361486
outflow,1Cauchy,-9.37932516770902
outflow,1Cauchy,-8.408631994617833
outflow,1Cauchy,-7.101447108410369
outflow,1Cauchy,-6.602817160500695
outflow,1Cauchy,-6.495209838505785
inflow,1Normal,-2033.7850008651963
inflow,1Normal,-1591.9507768555768
inflow,1Normal,-1524.058872168672
inflow,1Normal,-440.38409703240904
inflow,1Normal,-265.4737847080799
outflow,2Poisson,-170
outflow,2Poisson,-170
outflow,2Poisson,-170
outflow,1Cauchy,-45.39668000493656
outflow,1Cauchy,-19.23796689171791
outflow,1Cauchy,-11.277027567604431
outflow,1Cauchy,-10.816174663372898
outflow,1Cauchy,-9.560365408246598
outflow,1Cauchy,-9.48620267604322
outflow,1Cauchy,-9.223374985761012
outflow,1Cauchy,-5.444364749973627
inflow,1Normal,-2336.815147025127
inflow,1Normal,-1510.2699643527255
inflow,1Normal,-1379.7552059289924
inflow,1Normal,-279.9380005442032
inflow,1Normal,-214.37020562461095
outflow,2Poisson,-170
outflow,1Cauchy,-28.847236862290355
outflow,1Cauchy,-18.627567519956372
outflow,1Cauchy,-11.218026992453268
outflow,1Cauchy,-10.599609739857554
outflow,1Cauchy,-10.593916810917042
outflow,1Cauchy,-10.49368013661256
outflow,1Cauchy,-9.223429220117854
outflow,1Cauchy,-8.116246812453802
outflow,1Cauchy,-3.2256049631278376
outflow,1Cauchy,-14553.17436809995
inflow,1Normal,-574.1247888377391
inflow,1Normal,-396.18955125428386
outflow,1Cauchy,-11.527272305511262
outflow,1Cauchy,-11.3063976910688
outflow,1Cauchy,-11.0489179947754
outflow,1Cauchy,-9.643356111873498
outflow,1Cauchy,-9.540235529486228
outflow,1Cauchy,-3.564782510599378
outflow,1Cauchy,-3.2188048603918835
inflow,1Normal,-3683.3719458169085
inflow,1Normal,-1356.4796628163488
inflow,1Normal,-1082.2058470967017
inflow,1Normal,-683.5525453254285
outflow,2Poisson,-170
outflow,2Poisson,-170
outflow,2Poisson,-170
inflow,1Normal,-19.13855327662013
outflow,1Cauchy,-15.35391813759143
outflow,1Cauchy,-12.244158496393364
outflow,1Cauchy,-11.572675149263294
outflow,1Cauchy,-11.173213037196561
outflow,1Cauchy,-9.730916620379745
outflow,1Cauchy,-9.441338356628801
outflow,1Cauchy,-8.955107295658047
outflow,1Cauchy,-8.95208748594654
outflow,1Cauchy,-8.449437215965968
inflow,1Normal,-3825.7643998951635
inflow,1Normal,-1781.4069672072228
inflow,1Normal,-1711.0177293704196
inflow,1Normal,-853.5856285521305
outflow,1Cauchy,-243.01423680915892
outflow,1Cauchy,-52.493790833496696
outflow,1Cauchy,-17.15418303493599
outflow,1Cauchy,-13.59836855256382
outflow,1Cauchy,-10.433017351518483
outflow,1Cauchy,-8.68538059012283
outflow,1Cauchy,-6.865181620733921
outflow,1Cauchy,-6.2711142825976705
outflow,1Cauchy,-2.797701858665677
inflow,1Normal,-2074.2436527585105
inflow,1Normal,-1064.2454782692698
inflow,1Normal,-514.7295595519988
outflow,2Poisson,-340
inflow,1Normal,-306.28825422689727
outflow,2Poisson,-170
outflow,2Poisson,-170
inflow,1Normal,-168.89693987657495
inflow,1Normal,-108.32959678513525
inflow,1Normal,-54.57921706282374
outflow,1Cauchy,-19.20847520287736
outflow,1Cauchy,-13.629290342357947
outflow,1Cauchy,-13.12508137135547
outflow,1Cauchy,-12.950497203755999
outflow,1Cauchy,-11.702837428748886
outflow,1Cauchy,-10.883961254357194
outflow,1Cauchy,-10.178151743926401
outflow,1Cauchy,-9.655785048573623
outflow,1Cauchy,-8.881355784662432
outflow,1Cauchy,-7.8802142792268315
inflow,1Normal,-1402.2447135145915
inflow,1Normal,-1328.681473799916
inflow,1Normal,-1296.7620614909504
inflow,1Normal,-1245.055087514177
inflow,1Normal,-395.7219533815696
outflow,2Poisson,-340
inflow,1Normal,-265.8287366154397
outflow,2Poisson,-170
outflow,2Poisson,-170
inflow,1Normal,-40.2722293507674
outflow,1Cauchy,-11.368547197329779
outflow,1Cauchy,-11.345603185746782
outflow,1Cauchy,-10.814883453801581
outflow,1Cauchy,-10.566915230610263
outflow,1Cauchy,-10.001725986361981
outflow,1Cauchy,-9.618706496014013
outflow,1Cauchy,-8.868373777726928
outflow,1Cauchy,-8.740827794081149
outflow,1Cauchy,-8.146430891488235
outflow,1Cauchy,-7.291039795465433
inflow,1Normal,-2758.193644733814
inflow,1Normal,-2158.510239414717
inflow,1Normal,-2062.599865035089
inflow,1Normal,-1233.4598934176693
inflow,1Normal,-1138.820547227527
inflow,1Normal,-852.2303123008196
outflow,1Cauchy,-36.692304198564926
outflow,1Cauchy,-12.792836325314036
outflow,1Cauchy,-11.442396246730915
outflow,1Cauchy,-10.805583793819045
outflow,1Cauchy,-10.611468274804112
outflow,1Cauchy,-8.91320126407322
outflow,1Cauchy,-8.623836041524783
outflow,1Cauchy,-8.378273728544697
outflow,1Cauchy,-17441.20380224234
inflow,1Normal,-1569.7380252060964
outflow,2Poisson,-340
inflow,1Normal,-297.25993363365365
outflow,2Poisson,-170
outflow,2Poisson,-170
outflow,2Poisson,-170
outflow,1Cauchy,-20.8052917597432
outflow,1Cauchy,-17.66665970248718
outflow,1Cauchy,-14.852766811903303
outflow,1Cauchy,-14.080709635568114
outflow,1Cauchy,-10.16925551241075
outflow,1Cauchy,-10.1176747391184
outflow,1Cauchy,-9.857077604401223
outflow,1Cauchy,-7.547070959862242
outflow,1Cauchy,-6.487857914775933
outflow,1Cauchy,-13591.479043887379
inflow,1Normal,-1665.2161419539373
outflow,2Poisson,-170
outflow,1Cauchy,-13.296337755159161
outflow,1Cauchy,-12.695746777046327
outflow,1Cauchy,-9.956560792088881
outflow,1Cauchy,-9.70583680084794
outflow,1Cauchy,-9.598485452470337
outflow,1Cauchy,-9.168971861504184
outflow,1Cauchy,-8.949292401704993
outflow,1Cauchy,-6.826537142141393
outflow,1Cauchy,-15821.59700741996
inflow,1Normal,-912.1640549253492
outflow,2Poisson,-170
outflow,2Poisson,-170
outflow,2Poisson,-170
outflow,2Poisson,-170
outflow,1Cauchy,-15.31582503126216
outflow,1Cauchy,-12.382200080028813
outflow,1Cauchy,-10.98244914316123
outflow,1Cauchy,-10.773442124393876
outflow,1Cauchy,-9.078080060902042
outflow,1Cauchy,-8.209614819950177
outflow,1Cauchy,-7.190444581600986
inflow,1Normal,-3784.082441745146
inflow,1Normal,-2450.7771926457535
inflow,1Normal,-1070.7418725712369
outflow,2Poisson,-340
inflow,1Normal,-216.29010584299024
outflow,2Poisson,-170
outflow,2Poisson,-170
outflow,1Cauchy,-14.958717228787467
outflow,1Cauchy,-12.070189898006504
outflow,1Cauchy,-11.80443022633232
outflow,1Cauchy,-11.115229837194704
outflow,1Cauchy,-10.563366797547232
outflow,1Cauchy,-10.17220517990705
outflow,1Cauchy,-9.650914995387124
outflow,1Cauchy,-9.301604014247403
outflow,1Cauchy,-8.534696936931988
inflow,1Normal,-3132.7266638595243
inflow,1Normal,-2704.29397688729
inflow,1Normal,-817.8248321737502
inflow,1Normal,-436.819316541359
inflow,1Normal,-258.127427990938
outflow,2Poisson,-170
outflow,2Poisson,-170
inflow,1Normal,-58.77239419808813
outflow,1Cauchy,-14.830136138936293
outflow,1Cauchy,-13.680991268632056
outflow,1Cauchy,-11.384458845556797
outflow,1Cauchy,-11.327351855844627
outflow,1Cauchy,-10.998915785636765
outflow,1Cauchy,-10.733571367641336
outflow,1Cauchy,-10.075676030702454
outflow,1Cauchy,-8.049044455574744
outflow,1Cauchy,-7.171848875864079
outflow,1Cauchy,-2.798952204714004
inflow,1Normal,-2375.8744319185334
inflow,1Normal,-1456.9624484515953
inflow,1Normal,-403.0861260305095
inflow,1Normal,-394.1540425173642
outflow,2Poisson,-170
outflow,2Poisson,-170
outflow,1Cauchy,-18.649024897428347
outflow,1Cauchy,-16.49732184814068
outflow,1Cauchy,-11.819543811758559
outflow,1Cauchy,-10.780667499918165
outflow,1Cauchy,-10.477139580346378
outflow,1Cauchy,-10.315870442782835
outflow,1Cauchy,-9.588822279738018
outflow,1Cauchy,-8.824429650401337
outflow,1Cauchy,-7.565111501335105
outflow,1Cauchy,-7.39514353863674
outflow,1Cauchy,-26254.123605374505
inflow,1Normal,-308.13609028289585
outflow,2Poisson,-170
outflow,2Poisson,-170
outflow,2Poisson,-170
outflow,1Cauchy,-13.056312259866312
outflow,1Cauchy,-12.476393569929868
outflow,1Cauchy,-10.112807126688054
outflow,1Cauchy,-9.987932715382682
outflow,1Cauchy,-9.221126610218302
outflow,1Cauchy,-8.572832770170429
outflow,1Cauchy,-7.274487429349225
inflow,1Normal,-2976.7397119686193
inflow,1Normal,-1615.920900482821
inflow,1Normal,-1349.4276907757608
inflow,1Normal,-676.8133370914497
inflow,1Normal,-200.1599234962235
outflow,2Poisson,-170
outflow,2Poisson,-170
outflow,2Poisson,-170
outflow,2Poisson,-170
outflow,2Poisson,-170
inflow,1Normal,-58.42353051424567
outflow,1Cauchy,-56.51074481714618
outflow,1Cauchy,-14.064477499959592
outflow,1Cauchy,-12.146223781788636
outflow,1Cauchy,-11.181298168810669
outflow,1Cauchy,-10.303912532289768
outflow,1Cauchy,-10.195918516954658
outflow,1Cauchy,-8.636914414613951
outflow,1Cauchy,-8.51931664546416
outflow,1Cauchy,-7.778046461678889
inflow,1Normal,-2991.053314875139
inflow,1Normal,-1265.8450354104307
inflow,1Normal,-811.6484688458456
inflow,1Normal,-742.5245059513422
inflow,1Normal,-649.4699751663347
outflow,2Poisson,-340
outflow,2Poisson,-170
outflow,1Cauchy,-34.01726277788666
outflow,1Cauchy,-17.40859558880454
outflow,1Cauchy,-11.618825567091767
outflow,1Cauchy,-10.05728706334176
outflow,1Cauchy,-9.946821988397769
outflow,1Cauchy,-9.146738792422067
outflow,1Cauchy,-8.883820587964294
outflow,1Cauchy,-8.882116131827239
outflow,1Cauchy,-8.689401149832637
inflow,1Normal,-0.7022899638904789
outflow,1Cauchy,-34918.41713352257
outflow,2Poisson,-340
outflow,2Poisson,-170
outflow,2Poisson,-170
inflow,1Normal,-40.51611308735801
outflow,1Cauchy,-13.960720579480483
outflow,1Cauchy,-13.248827354870695
outflow,1Cauchy,-10.787460334402557
outflow,1Cauchy,-10.08514207570692
outflow,1Cauchy,-9.093053077944047
outflow,1Cauchy,-8.956826042174297
outflow,1Cauchy,-7.62162336945916
inflow,1Normal,-3741.6620239208805
inflow,1Normal,-723.8160630424027
inflow,1Normal,-545.1414367416596
inflow,1Normal,-440.74388321757993
inflow,1Normal,-407.27921308952693
outflow,2Poisson,-170
outflow,2Poisson,-170
outflow,2Poisson,-170
outflow,1Cauchy,-15.122823543768689
outflow,1Cauchy,-12.204443917527826
outflow,1Cauchy,-12.115227211119644
outflow,1Cauchy,-10.653395650580185
outflow,1Cauchy,-10.431914876580096
outflow,1Cauchy,-8.930027833248339
outflow,1Cauchy,-8.368297672894874
outflow,1Cauchy,-5.0555160847948555
inflow,1Normal,-1336.596160835831
inflow,1Normal,-1220.516732528342
inflow,1Normal,-893.3598306328378
inflow,1Normal,-266.3051756747226
inflow,1Normal,-241.84007016449948
outflow,2Poisson,-170
outflow,2Poisson,-170
outflow,2Poisson,-170
outflow,2Poisson,-170
outflow,1Cauchy,-14.037067115214615
outflow,1Cauchy,-13.471448170558869
inflow,1Normal,-12.125187782234903
outflow,1Cauchy,-11.454052606912137
outflow,1Cauchy,-10.71816708179875
outflow,1Cauchy,-10.422315974661982
outflow,1Cauchy,-10.095272561377955
outflow,1Cauchy,-9.822392643703015
outflow,1Cauchy,-8.397200337118734
outflow,1Cauchy,-2.956730290716985
outflow,1Cauchy,-2.2257024770844724
outflow,1Cauchy,-35488.401819052
inflow,1Normal,-969.0703888122187
inflow,1Normal,-523.86456155335
inflow,1Normal,-183.9492144573203
outflow,2Poisson,-170
outflow,2Poisson,-170
outflow,2Poisson,-170
outflow,1Cauchy,-13.325146511277945
outflow,1Cauchy,-12.62720110033839
outflow,1Cauchy,-11.992189031443955
outflow,1Cauchy,-11.537100855248873
outflow,1Cauchy,-11.01178037058899
outflow,1Cauchy,-10.887454522430556
outflow,1Cauchy,-10.261334324104073
outflow,1Cauchy,-8.200796664551538
inflow,1Normal,-1362.4167874109353
inflow,1Normal,-1188.4242315033716
inflow,1Normal,-935.7988359370406
inflow,1Normal,-788.9552858758059
inflow,1Normal,-319.8406337550132
outflow,2Poisson,-170
outflow,2Poisson,-170
outflow,1Cauchy,-11.719737359506608
outflow,1Cauchy,-10.94012313352292
outflow,1Cauchy,-10.253670720751131
outflow,1Cauchy,-8.406736582312547
outflow,1Cauchy,-8.308131687415301
outflow,1Cauchy,-7.783223401969151
outflow,1Cauchy,-7.514005884301857
outflow,1Cauchy,-7.483546032532432
outflow,1Cauchy,-6.519643401271919
inflow,1Normal,-2179.2411253877303
inflow,1Normal,-1822.60790909174
inflow,1Normal,-1441.0492918550617
inflow,1Normal,-1327.5022331789255
outflow,2Poisson,-510
outflow,2Poisson,-340
outflow,2Poisson,-170
outflow,1Cauchy,-20.643568111033805
outflow,1Cauchy,-13.61188305566567
outflow,1Cauchy,-10.566676729713832
outflow,1Cauchy,-10.443401448560985
outflow,1Cauchy,-9.99717111846261
outflow,1Cauchy,-9.394766319293575
outflow,1Cauchy,-9.201492510536612
outflow,1Cauchy,-8.41089790289949
outflow,1Cauchy,-6.961238237119752
inflow,1Normal,-2689.5953722708205
inflow,1Normal,-2297.1578684564292
inflow,1Normal,-1169.6361284651796
outflow,2Poisson,-170
outflow,1Cauchy,-17.797446754413713
outflow,1Cauchy,-12.329369163295656
outflow,1Cauchy,-11.994352913444837
outflow,1Cauchy,-11.207503512935943
outflow,1Cauchy,-10.659216786422649
outflow,1Cauchy,-10.324879872156815
outflow,1Cauchy,-10.158303183627963
outflow,1Cauchy,-9.858042307728777
outflow,1Cauchy,-8.805156402032114
outflow,1Cauchy,-8.40840095924875
inflow,1Normal,-2024.1261967808164
inflow,1Normal,-1670.192848621134
inflow,1Normal,-1004.0705038280897
inflow,1Normal,-833.8336321641372
inflow,1Normal,-475.2732491800188
inflow,1Normal,-220.79883798813
outflow,2Poisson,-170
outflow,2Poisson,-170
outflow,2Poisson,-170
outflow,1Cauchy,-75.98303383445364
outflow,1Cauchy,-37.66893244783953
outflow,1Cauchy,-11.978063199114413
outflow,1Cauchy,-11.77214921719596
outflow,1Cauchy,-11.013970935234429
outflow,1Cauchy,-10.320067683967947
outflow,1Cauchy,-8.743123755672709
outflow,1Cauchy,-5.866165170519367
outflow,1Cauchy,-5.1180862825543505
inflow,1Normal,-1579.7205804977032
inflow,1Normal,-1535.9418467719045
inflow,1Normal,-919.315728931685
inflow,1Normal,-320.2982856496536
inflow,1Normal,-224.95099398035663
outflow,2Poisson,-170
inflow,1Normal,-85.94844489439453
outflow,1Cauchy,-10.784196810206252
outflow,1Cauchy,-10.580687961019745
outflow,1Cauchy,-9.97090431889669
outflow,1Cauchy,-9.671120282083834
outflow,1Cauchy,-9.612217087740863
outflow,1Cauchy,-9.536140530723593
outflow,1Cauchy,-9.16160419707434
outflow,1Cauchy,-9.150591257014767
outflow,1Cauchy,-8.150787269373307
outflow,1Cauchy,-6.346227680320768
outflow,1Cauchy,-27539.36680123747
outflow,2Poisson,-170
outflow,1Cauchy,-16.054911392125668
outflow,1Cauchy,-10.848638754140662
outflow,1Cauchy,-10.710680033783278
outflow,1Cauchy,-8.442464849272353
outflow,1Cauchy,-7.88570222861674
outflow,1Cauchy,-4.972258249675192
outflow,1Cauchy,-32217.88391815433
outflow,1Cauchy,-30.514713968184132
outflow,1Cauchy,-26.820177146051382
outflow,1Cauchy,-15.154106387257997
outflow,1Cauchy,-12.47908752709662
outflow,1Cauchy,-12.43162144469705
outflow,1Cauchy,-11.586809352957898
outflow,1Cauchy,-10.640163825742473
outflow,1Cauchy,-8.638463770741076
outflow,1Cauchy,-6.568379773349532
inflow,1Normal,-1820.6060248871402
inflow,1Normal,-1361.7738567995552
inflow,1Normal,-426.82747561785385
inflow,1Normal,-335.61101023610684
outflow,2Poisson,-170
outflow,1Cauchy,-29.76448508567141
outflow,1Cauchy,-13.354934483700008
outflow,1Cauchy,-12.179103165417528
outflow,1Cauchy,-10.526798737931067
outflow,1Cauchy,-10.48755449058406
outflow,1Cauchy,-10.399802134632731
outflow,1Cauchy,-10.223683807990016
outflow,1Cauchy,-10.053421932147218
outflow,1Cauchy,-7.626243939652187
inflow,1Normal,-1909.6969486296566
inflow,1Normal,-1151.6681321983576
inflow,1Normal,-1145.5983312746685
inflow,1Normal,-440.24080124406987
inflow,1Normal,-379.42958746359886
outflow,2Poisson,-170
inflow,1Normal,-49.80413949852611
outflow,1Cauchy,-14.376630644808863
outflow,1Cauchy,-12.047218294302285
outflow,1Cauchy,-11.374583179105622
outflow,1Cauchy,-10.905792612702141
outflow,1Cauchy,-10.661401140981447
outflow,1Cauchy,-10.592107909161136
outflow,1Cauchy,-7.001086998862313
outflow,1Cauchy,-24745.21631207786
inflow,1Normal,-4484.743775703284
inflow,1Normal,-1714.1751521960607
outflow,2Poisson,-340
outflow,2Poisson,-170
outflow,1Cauchy,-27.355462274405447
outflow,1Cauchy,-19.36116599630217
outflow,1Cauchy,-10.759282485838721
outflow,1Cauchy,-9.425118706606735
outflow,1Cauchy,-8.887084890098437
outflow,1Cauchy,-5.207515281859369
outflow,1Cauchy,-3.9417743794611955
outflow,1Cauchy,-2.6137025052743743
inflow,1Normal,-2808.0752403805177
inflow,1Normal,-1182.1281584129047
inflow,1Normal,-1137.3594985768825
inflow,1Normal,-1052.358699337266
outflow,2Poisson,-170
outflow,2Poisson,-170
inflow,1Normal,-42.646140346628414
outflow,1Cauchy,-21.638002356874523
outflow,1Cauchy,-13.530233561788027
outflow,1Cauchy,-11.800609436181372
outflow,1Cauchy,-11.762142667290231
outflow,1Cauchy,-10.952171780324337
outflow,1Cauchy,-9.528194285587153
outflow,1Cauchy,-8.983781462801556
outflow,1Cauchy,-7.612113073890299
outflow,1Cauchy,-4.088931420587008
outflow,1Cauchy,-47631.22255064672
inflow,1Normal,-1592.0212513459655
outflow,2Poisson,-170
outflow,2Poisson,-170
inflow,1Normal,-155.4781462384348
outflow,1Cauchy,-21.634620719093636
outflow,1Cauchy,-18.229335757941598
outflow,1Cauchy,-12.805295996767281
outflow,1Cauchy,-10.315427014667689
outflow,1Cauchy,-10.139947369818616
outflow,1Cauchy,-9.378263735320187
outflow,1Cauchy,-8.972843646626373
outflow,1Cauchy,-6.180756294635279
outflow,1Cauchy,-2.5771007713007323
outflow,1Cauchy,-59184.56863855002
inflow,1Normal,-1849.0829064007742
inflow,1Normal,-514.7248232635604
outflow,2Poisson,-170
outflow,2Poisson,-170
inflow,1Normal,-169.65865003684328
outflow,1Cauchy,-11.996909559098752
outflow,1Cauchy,-10.528109898682747
outflow,1Cauchy,-10.495173486878095
outflow,1Cauchy,-10.127035663250396
outflow,1Cauchy,-10.055679333945621
outflow,1Cauchy,-9.749128885152347
outflow,1Cauchy,-7.949473243470324
outflow,1Cauchy,-7.566621518163281
outflow,1Cauchy,-5.876306433915975
outflow,1Cauchy,-20435.994500503486
inflow,1Normal,-542.022657266655
outflow,2Poisson,-170
outflow,2Poisson,-170
outflow,2Poisson,-170
outflow,2Poisson,-170
outflow,1Cauchy,-14.606545821611604
outflow,1Cauchy,-14.315378953283037
outflow,1Cauchy,-13.560431640128847
outflow,1Cauchy,-12.703971296203107
outflow,1Cauchy,-11.119106739395272
outflow,1Cauchy,-9.500464356187834
outflow,1Cauchy,-8.36684603095151
outflow,1Cauchy,-6.132314732005433
outflow,1Cauchy,-6.063205217485768
inflow,1Normal,-3582.738944310476
inflow,1Normal,-2521.914265568464
inflow,1Normal,-766.0606914374774
inflow,1Normal,-305.59617699189124
inflow,1Normal,-61.82190024046932
outflow,1Cauchy,-15.906076107030186
outflow,1Cauchy,-12.848986780357842
outflow,1Cauchy,-11.8895022285898
outflow,1Cauchy,-11.488597101177952
outflow,1Cauchy,-10.695095228143805
outflow,1Cauchy,-10.175616784915011
outflow,1Cauchy,-8.446135408084114
outflow,1Cauchy,-7.691357757115723
outflow,1Cauchy,-9657.215026175849
inflow,1Normal,-923.7077917514359
inflow,1Normal,-411.1443144824591
outflow,2Poisson,-170
outflow,2Poisson,-170
outflow,2Poisson,-170
outflow,1Cauchy,-18.882202073704306
outflow,1Cauchy,-16.211071109865685
outflow,1Cauchy,-10.64181780992495
outflow,1Cauchy,-9.776461855341786
outflow,1Cauchy,-9.334487721237847
outflow,1Cauchy,-8.928165956658
outflow,1Cauchy,-8.22303652964877
outflow,1Cauchy,-2.213238145737816
outflow,1Cauchy,-1.9078839027733245
outflow,1Cauchy,-16628.10391477625
inflow,1Normal,-1961.0775044873983
inflow,1Normal,-813.1051857707935
inflow,1Normal,-191.0547104368888
outflow,2Poisson,-170
outflow,1Cauchy,-35.684469165982776
outflow,1Cauchy,-14.020572212744181
outflow,1Cauchy,-11.551199673131835
outflow,1Cauchy,-10.798546877648315
outflow,1Cauchy,-7.483792362188762
outflow,1Cauchy,-7.438909724848044
outflow,1Cauchy,-2.0856230510645766
inflow,1Normal,-2361.3265936799885
inflow,1Normal,-2024.4563044721467
inflow,1Normal,-529.6973580358042
outflow,2Poisson,-340
outflow,2Poisson,-170
outflow,2Poisson,-170
outflow,2Poisson,-170
outflow,1Cauchy,-35.56968312958472
outflow,1Cauchy,-22.865874197890605
outflow,1Cauchy,-19.17662035143698
outflow,1Cauchy,-17.74058204706079
outflow,1Cauchy,-14.507240356808142
outflow,1Cauchy,-13.13090170098605
outflow,1Cauchy,-9.589132548083658
outflow,1Cauchy,-8.281600508229308
outflow,1Cauchy,-1.5134131120540175
inflow,1Normal,-2893.7670755352415
inflow,1Normal,-789.9889387173644
inflow,1Normal,-788.2298803551066
inflow,1Normal,-724.935178381455
inflow,1Normal,-453.2422254208285
outflow,2Poisson,-170
outflow,2Poisson,-170
outflow,2Poisson,-170
outflow,2Poisson,-170
outflow,2Poisson,-170
outflow,1Cauchy,-12.646178886104664
outflow,1Cauchy,-12.218257959371112
outflow,1Cauchy,-10.980974911870696
outflow,1Cauchy,-10.43174261896339
outflow,1Cauchy,-10.115915351903263
outflow,1Cauchy,-10.002200792728962
outflow,1Cauchy,-8.42176240864469
outflow,1Cauchy,-7.267211129214191
outflow,1Cauchy,-6.942258876362011
outflow,1Cauchy,-6.474655903307346
inflow,1Normal,-2481.8711696411233
inflow,1Normal,-1793.5875653818207
inflow,1Normal,-863.5289611902106
inflow,1Normal,-318.9816427875275
inflow,1Normal,-179.16336489358537
outflow,2Poisson,-170
outflow,2Poisson,-170
outflow,2Poisson,-170
outflow,2Poisson,-170
outflow,2Poisson,-170
inflow,1Normal,-159.10857302943242
outflow,1Cauchy,-26.72659956682601
outflow,1Cauchy,-12.62891926778508
outflow,1Cauchy,-9.520343115937028
outflow,1Cauchy,-9.384120564902101
outflow,1Cauchy,-8.805466241712788
outflow,1Cauchy,-8.204425809712845
outflow,1Cauchy,-7.9227983806330995
outflow,1Cauchy,-7.153528095492145
outflow,1Cauchy,-6.428302386276124
inflow,1Normal,-2858.3314977442924
inflow,1Normal,-1025.7802769093687
inflow,1Normal,-681.3604088781545
inflow,1Normal,-485.2407539119554
inflow,1Normal,-393.29519880874386
outflow,2Poisson,-170
inflow,1Normal,-111.20597681217212
outflow,1Cauchy,-65.0750267272532
outflow,1Cauchy,-39.99130039027668
outflow,1Cauchy,-14.88339049480367
outflow,1Cauchy,-13.073838962437518
outflow,1Cauchy,-10.642303597442591
outflow,1Cauchy,-10.42970782830087
outflow,1Cauchy,-6.988722748089861
outflow,1Cauchy,-6.206781220564189
outflow,1Cauchy,-5.975593996389158
outflow,1Cauchy,-12714.693107715955
inflow,1Normal,-2351.980562452306
inflow,1Normal,-1389.7568308876214
outflow,2Poisson,-340
outflow,2Poisson,-170
outflow,2Poisson,-170
inflow,1Normal,-98.41668944145158
outflow,1Cauchy,-22.886802990577635
outflow,1Cauchy,-15.607843610826281
outflow,1Cauchy,-10.830411540244022
outflow,1Cauchy,-10.737516256304351
outflow,1Cauchy,-10.584232100425968
outflow,1Cauchy,-8.057203130547734
outflow,1Cauchy,-7.871623731174572
outflow,1Cauchy,-7.492718154127552
outflow,1Cauchy,-6.821928727248926
outflow,1Cauchy,-9573.86340760753
inflow,1Normal,-2304.2975321650497
inflow,1Normal,-999.7838061023717
inflow,1Normal,-507.24035546081086
outflow,2Poisson,-170
outflow,2Poisson,-170
outflow,2Poisson,-170
inflow,1Normal,-35.78448691083285
outflow,1Cauchy,-14.704045872144281
outflow,1Cauchy,-12.404437248701264
outflow,1Cauchy,-12.043298974480892
outflow,1Cauchy,-10.829177880136898
outflow,1Cauchy,-10.61810978832023
outflow,1Cauchy,-10.286480705988442
outflow,1Cauchy,-9.057560994210027
outflow,1Cauchy,-8.586795164890143
outflow,1Cauchy,-8.26608862829248
inflow,1Normal,-1840.8733826185135
inflow,1Normal,-1271.1990436793662
inflow,1Normal,-1180.0278950819095
inflow,1Normal,-1090.5101513589416
outflow,2Poisson,-170
inflow,1Normal,-112.65672321744695
outflow,1Cauchy,-13.07828529033753
outflow,1Cauchy,-12.074483936271216
outflow,1Cauchy,-11.418223270607795
outflow,1Cauchy,-10.9568932695277
outflow,1Cauchy,-10.953633647892097
outflow,1Cauchy,-9.70803200666179
outflow,1Cauchy,-8.83168125731683
outflow,1Cauchy,-7.158144471734527
outflow,1Cauchy,-6.9672982480600965
inflow,1Normal,-1720.7425779393575
inflow,1Normal,-1545.542334170611
inflow,1Normal,-1428.9145840076874
inflow,1Normal,-970.066913471053
outflow,1Cauchy,-785.5714365552743
outflow,2Poisson,-170
outflow,2Poisson,-170
outflow,2Poisson,-170
outflow,2Poisson,-170
inflow,1Normal,-122.21368725493633
outflow,1Cauchy,-15.488369621661429
outflow,1Cauchy,-11.129881628340192
outflow,1Cauchy,-10.584750052684091
outflow,1Cauchy,-9.668676078141749
outflow,1Cauchy,-9.00833445138975
outflow,1Cauchy,-8.484894945776436
outflow,1Cauchy,-7.581926936398277
outflow,1Cauchy,-7.469521896804394
outflow,1Cauchy,-6.968641888368651
inflow,1Normal,-2642.692436877784
inflow,1Normal,-1735.993408924179
inflow,1Normal,-396.9223956963319
inflow,1Normal,-347.3109051524666
inflow,1Normal,-50.734216813986954
outflow,1Cauchy,-40.05876457724888
outflow,1Cauchy,-13.930840579566489
outflow,1Cauchy,-12.19156026594301
outflow,1Cauchy,-11.106022945938522
outflow,1Cauchy,-10.568004892998927
outflow,1Cauchy,-9.051432771125079
outflow,1Cauchy,-8.915254103295748
outflow,1Cauchy,-4.701544360222742
outflow,1Cauchy,-1.5226741101758545
outflow,1Cauchy,-41709.06602099323
outflow,2Poisson,-170
outflow,1Cauchy,-13.656085661142523
outflow,1Cauchy,-12.181775006582509
outflow,1Cauchy,-11.490146452814086
outflow,1Cauchy,-10.736075445868767
outflow,1Cauchy,-9.73764478086675
outflow,1Cauchy,-9.70766260036555
outflow,1Cauchy,-9.57325975253404
outflow,1Cauchy,-9.05529108521468
outflow,1Cauchy,-6.05819522691049
outflow,1Cauchy,-82260.76726812901
outflow,2Poisson,-170
outflow,2Poisson,-170
outflow,1Cauchy,-45.924255069274814
outflow,1Cauchy,-11.645989688853666
outflow,1Cauchy,-11.63529865199522
outflow,1Cauchy,-10.531782090649372
outflow,1Cauchy,-8.463623377810935
outflow,1Cauchy,-8.233563195489443
outflow,1Cauchy,-7.949952149938532
outflow,1Cauchy,-4.0659286284836735
inflow,1Normal,-2406.3400019308324
inflow,1Normal,-2105.1334492983906
inflow,1Normal,-1286.3881360535036
inflow,1Normal,-583.6670233763613
inflow,1Normal,-110.6893960799713
outflow,1Cauchy,-38.900916325971835
outflow,1Cauchy,-14.653242191371806
outflow,1Cauchy,-13.665645866455568
outflow,1Cauchy,-12.569437127393352
outflow,1Cauchy,-12.474745996116031
outflow,1Cauchy,-11.617982384181927
outflow,1Cauchy,-10.162512962114707
outflow,1Cauchy,-10.156903607629635
outflow,1Cauchy,-7.8385554653258955
outflow,1Cauchy,-7.10510603970215
inflow,1Normal,-2315.9553850341517
inflow,1Normal,-960.404812225638
inflow,1Normal,-932.2426187065272
inflow,1Normal,-850.4986010120014
inflow,1Normal,-628.766184083392
inflow,1Normal,-255.41459028628532
outflow,2Poisson,-170
outflow,1Cauchy,-11.812198693464982
outflow,1Cauchy,-11.807957758404017
outflow,1Cauchy,-11.710395395473299
outflow,1Cauchy,-10.324929793795453
outflow,1Cauchy,-9.70206287963068
outflow,1Cauchy,-9.06388019234583
outflow,1Cauchy,-8.620171600909512
outflow,1Cauchy,-8.03278892371086
outflow,1Cauchy,-8.030579557522762
outflow,1Cauchy,-6.933549984733029
outflow,1Cauchy,-64722.8964441878
inflow,1Normal,-784.8652994070452
outflow,2Poisson,-170
outflow,2Poisson,-170
outflow,2Poisson,-170
outflow,2Poisson,-170
outflow,1Cauchy,-20.190203801358663
outflow,1Cauchy,-13.003493055188027
outflow,1Cauchy,-12.765355477111179
outflow,1Cauchy,-12.580623840652672
outflow,1Cauchy,-10.936799846252626
outflow,1Cauchy,-9.528418517944866
outflow,1Cauchy,-9.079497282965674
outflow,1Cauchy,-8.89878042970461
outflow,1Cauchy,-45753.183606300285
inflow,1Normal,-1041.766601993706
inflow,1Normal,-837.4713465034354
inflow,1Normal,-646.5704171386104
inflow,1Normal,-588.2367647886483
inflow,1Normal,-457.27191279978786
outflow,2Poisson,-170
outflow,1Cauchy,-24.971568702931833
outflow,1Cauchy,-17.962417885013735
outflow,1Cauchy,-14.01134820610732
outflow,1Cauchy,-13.034792938593467
outflow,1Cauchy,-12.542569496150698
outflow,1Cauchy,-10.049369879686305
outflow,1Cauchy,-9.852733931567078
outflow,1Cauchy,-9.228540810046384
outflow,1Cauchy,-8.584662300742043
inflow,1Normal,-1183.47238493701
inflow,1Normal,-1134.0365069964578
inflow,1Normal,-1031.4401337859472
inflow,1Normal,-647.1335855335411
outflow,2Poisson,-340
inflow,1Normal,-267.2011239556134
outflow,2Poisson,-170
outflow,1Cauchy,-18.30330676570255
outflow,1Cauchy,-18.157511019947044
outflow,1Cauchy,-16.50204078638339
outflow,1Cauchy,-13.555875345490447
outflow,1Cauchy,-12.085832687196948
outflow,1Cauchy,-9.926666998993293
outflow,1Cauchy,-9.496106332800384
outflow,1Cauchy,-4.669909321712547
outflow,1Cauchy,-1.117062949676109
outflow,1Cauchy,-0.3298160886425503
outflow,1Cauchy,-34659.19751982199
inflow,1Normal,-335.7991509486158
outflow,2Poisson,-170
outflow,2Poisson,-170
outflow,2Poisson,-170
outflow,1Cauchy,-11.273103585989155
outflow,1Cauchy,-10.621393652640903
outflow,1Cauchy,-10.346287919545977
outflow,1Cauchy,-10.164644496839118
outflow,1Cauchy,-9.979196812197443
outflow,1Cauchy,-9.966387937194611
outflow,1Cauchy,-9.863099934936914
outflow,1Cauchy,-6.821528950080163
outflow,1Cauchy,-6.092263468739959
